filename,width,height,class,xmin,ymin,xmax,ymax
20251208_140835_jpg.rf.c2fd5d184598cc549dd72d3db081d7db.jpg,640,640,Whiteboard marker,329,7,397,611
20251208_141237_jpg.rf.ac0809ed4bd8acec9a394b382a7828ac.jpg,640,640,Pencil,213,1,370,597
20251208_115455_jpg.rf.a4332bc4f888c5737ec196834784ca98.jpg,640,640,Pencil,0,299,592,479
20251208_111603_jpg.rf.26667ea8fe1f363b01d1b5bd4b8d4405.jpg,640,640,Pencil,1,243,630,319
20251208_140742_jpg.rf.4c48cc1fb57e788f74f17cf51cd40628.jpg,640,640,Whiteboard marker,71,162,625,411
20251208_135109_jpg.rf.dac06c245055d75bcbe267aa30e913ab.jpg,640,640,Eraser,193,202,355,385
20251208_115654_jpg.rf.8ba4fcf52fea5d5f4254b2a3341b977c.jpg,640,640,Pencil,334,34,351,640
20251208_141152_jpg.rf.05b5c805f44316643f45c4cd5c971313.jpg,640,640,Eraser,262,270,401,409
20251208_131930_jpg.rf.658419061b8f34fa6d6dac38cf3def85.jpg,640,640,notebook,153,0,477,623
20251208_122042_jpg.rf.ba2306849606a6ce4cdb93cf081c8679.jpg,640,640,pen,79,324,582,400
20251208_131501_jpg.rf.cdb8809b1126d42fb17a48fc3f40fd33.jpg,640,640,notebook,128,0,488,625
20251208_132150_jpg.rf.dfde345c0b8698f7fd52d9ec62b013c6.jpg,640,640,notebook,119,68,479,585
20251208_140742_jpg.rf.28c5a1dff861d2b6faa3325bea1ebcde.jpg,640,640,Whiteboard marker,74,203,609,362
20251208_141152_jpg.rf.c0e60594f825da973681763d5a5a1fa4.jpg,640,640,Eraser,228,259,384,416
20251208_115749_jpg.rf.be912ff5b7e7a430230363856f75863a.jpg,640,640,Pencil,50,255,567,339
20251208_120700_jpg.rf.aa00a768242ab20e08fd8c7305b87056.jpg,640,640,pen,211,0,368,613
20251208_134954_jpg.rf.dc3a0514c2ca383a4560157a55694843.jpg,640,640,Highlighter,58,261,612,352
20251208_132106_jpg.rf.120098de8b87566af1b1109828513aa1.jpg,640,640,notebook,93,97,538,640
20251208_120439_jpg.rf.12ecfb2e181712b1fe2beee14d11f05e.jpg,640,640,Pencil,11,297,628,421
20251208_120932_jpg.rf.f93152beb1597e54e13052f25451aa76.jpg,640,640,Ruler,224,17,407,640
20251208_120821_jpg.rf.a402c55f55171ec45d6021809a915586.jpg,640,640,Eraser,311,219,399,468
20251208_120932_jpg.rf.cc136dde847ee8b7cea5310b88bf61aa.jpg,640,640,Ruler,299,15,353,640
20251208_132301_jpg.rf.0e9a8a00047f1c759b43e821c9a56180.jpg,640,640,notebook,75,23,553,633
20251208_131715_jpg.rf.948f1aa84dce56cf5aa4d891f26a7fa3.jpg,640,640,notebook,111,75,539,605
20251208_124350_jpg.rf.c80939c53f8cea739b5e8e5f1b786d39.jpg,640,640,Pencil,234,254,439,344
20251208_115217_jpg.rf.d45a25fea4603d55bcf629048b1edf1e.jpg,640,640,Whiteboard marker,259,0,444,632
20251208_135011_jpg.rf.3ec109e2bc3be8fcc9080823ac0b8154.jpg,640,640,Compass,36,151,629,524
20251208_132503_jpg.rf.8b40a253c18e403f472a7ddf351501fa.jpg,640,640,notebook,210,1,452,588
20251208_121938_jpg.rf.dae1e8602fed59546441c995f5dab459.jpg,640,640,pen,278,4,396,632
20251208_120700_jpg.rf.41c32221b4b7b653d1f38a18c9b575cc.jpg,640,640,pen,339,3,368,623
20251208_115420_jpg.rf.ac117c0400c28346f30138cbcb009811.jpg,640,640,Pencil,269,19,358,633
20251208_120752_jpg.rf.82fe6603b09d19b111b06faffc9fc4cb.jpg,640,640,Sharpener,168,211,403,507
20251208_131948_jpg.rf.6b8b5ac55a35364dd8e87af4b9b15f75.jpg,640,640,notebook,73,46,515,583
20251208_140945_jpg.rf.70127ab738277f2b23544417e445f605.jpg,640,640,Whiteboard marker,27,154,613,403
20251208_120311_jpg.rf.d5b181554af17a58f327e0cd8bb187d7.jpg,640,640,pen,19,300,578,396
20251208_132523_jpg.rf.8378c3603b6c9bf65735cb939713966e.jpg,640,640,notebook,221,8,475,616
20251208_135630_jpg.rf.ea08ac89931f41397e85b3d454220e23.jpg,640,640,pen,275,15,382,624
20251208_120446_jpg.rf.6486e8a49920261c3d79d9a0e46ba9b9.jpg,640,640,Pencil,262,2,335,638
20251208_134839_jpg.rf.527f9b7add9140ff527aa24d40a0c09f.jpg,640,640,Highlighter,199,213,540,390
20251208_132503_jpg.rf.e0528345829c1fec61cff75adf41af43.jpg,640,640,notebook,141,0,509,606
20251208_135410_jpg.rf.0e5c9b7711748fe4167073221d42acc0.jpg,640,640,Pencil,284,21,334,632
20251208_124133_jpg.rf.239e69d7be4e6a6486357e25f8d8d9a4.jpg,640,640,Whiteboard marker,232,4,416,616
20251208_110752_jpg.rf.d55df1519c7e827dce9083c0588c470d.jpg,640,640,pen,0,311,623,495
20251208_135417_jpg.rf.79116668ed16ba2185dae2b916a6d0da.jpg,640,640,Pencil,71,246,591,290
20251208_115807_jpg.rf.a6206f7d7bae93598ed7efa779409a3d.jpg,640,640,Pencil,27,262,634,330
20251208_141246_jpg.rf.17e9499a61a8f3414510a0dff96ac72d.jpg,640,640,Pencil,60,223,619,305
20251208_132301_jpg.rf.99983cc298e11e7d9c2ca71c92300c70.jpg,640,640,notebook,101,38,529,618
20251208_135548_jpg.rf.11ad2047e8e647caac2d46405028560b.jpg,640,640,pen,64,160,616,327
20251208_141032_jpg.rf.f62e6a87febb4d378ca8981c4dbef09a.jpg,640,640,Ruler,25,180,629,384
20251208_121351_jpg.rf.8fafac1586bccee8b3a2e635573bc72d.jpg,640,640,pen,339,3,379,625
20251208_131639_jpg.rf.c3713f79d6c5835aba83a5e8062cc09c.jpg,640,640,notebook,166,0,520,619
20251208_140835_jpg.rf.120abca31d55f6548b9277450454158d.jpg,640,640,Whiteboard marker,334,6,391,610
20251208_131507_jpg.rf.12d3f86dae3d5fd5b4c0bcd6558f24e2.jpg,640,640,notebook,36,0,624,634
20251208_135037_jpg.rf.bf70f153a82ed2a8d5f58d2ecb7f1db4.jpg,640,640,Compass,105,181,508,436
20251208_135023_jpg.rf.9e8c39057807765495a4e63c58db4a03.jpg,640,640,Compass,113,245,560,420
20251208_105341_jpg.rf.9d661e5e95065a020adad1dbd31add37.jpg,640,640,Correction pen,0,208,631,475
20251208_135340_jpg.rf.fe9061b9233d728c355eac7f1f119636.jpg,640,640,Pencil,264,21,323,631
20251208_124224_jpg.rf.18de55f667b979cbddc2860e676b3b20.jpg,640,640,Pencil,222,249,429,320
20251208_135200_jpg.rf.f6e15ae2f3acffa3f16786b8d4980887.jpg,640,640,Eraser,288,331,358,456
20251208_140835_jpg.rf.194d47fddea3f74076c336d879be7084.jpg,640,640,Whiteboard marker,229,2,328,608
20251208_115739_jpg.rf.32326f498624aaed9ba3a6f9176a19e0.jpg,640,640,Pencil,351,0,370,631
20251208_115739_jpg.rf.962f9dc094295404970f4cb40a6fd385.jpg,640,640,Pencil,217,0,345,621
20251208_120413_jpg.rf.9c8b364034be505fcb513020f5fe05c2.jpg,640,640,pen,289,18,408,634
20251208_135350_jpg.rf.e661c8ac7da32203575c280f2fedab60.jpg,640,640,Pencil,60,268,629,309
20251208_120207_jpg.rf.16452d512932163f082e320b6158b74d.jpg,640,640,Highlighter,327,2,397,600
20251208_131702_jpg.rf.6979d603de27d045cde14f86cec6aae3.jpg,640,640,notebook,159,104,507,575
20251208_141237_jpg.rf.f75323aceddc9c88e67bf25077629c87.jpg,640,640,Pencil,234,9,339,613
20251208_141137_jpg.rf.37b97fa08215ed176874fc692e5ffc95.jpg,640,640,Eraser,286,187,419,323
20251208_135225_jpg.rf.0761ac7c015d0180293b4a1cfbbdd76a.jpg,640,640,Highlighter,196,209,530,285
20251208_120446_jpg.rf.d21b8dbfca4eb6ffae90a2ad9c679754.jpg,640,640,Pencil,256,16,427,638
20251208_121133_jpg.rf.40ce315d56922507f7fb2ffd128dab16.jpg,640,640,Highlighter,278,22,452,601
20251208_131353_jpg.rf.6d74dc3ea15dd402aa44deac8390abed.jpg,640,640,notebook,190,0,471,640
20251208_120338_jpg.rf.110de3a8ac347e291573991b7d4c6167.jpg,640,640,pen,350,3,383,640
20251208_115443_jpg.rf.ec25db8771546e1300081646665e2c31.jpg,640,640,pen,260,13,309,640
20251208_135340_jpg.rf.5a311cb84e4047f6f10314b03e4a0b77.jpg,640,640,Pencil,338,23,355,633
20251208_121056_jpg.rf.dd3f6ea6a3b72da2e4979516fc072914.jpg,640,640,Ruler,16,232,622,413
20251208_140822_jpg.rf.12ea27f3a7622bb6e0dc38d6f895bb76.jpg,640,640,Whiteboard marker,334,1,391,618
20251208_131930_jpg.rf.864a83f84ea88a1bdf7b0d2e34d43b6f.jpg,640,640,notebook,199,12,452,611
20251208_131921_jpg.rf.0eb3f9a824cfcbc9fcefe0cafdef8b2a.jpg,640,640,notebook,194,29,448,635
20251208_140912_jpg.rf.60e66bac1de9966cc6c7b1c748240ed7.jpg,640,640,pen,8,164,574,308
20251208_135448_jpg.rf.7374e54508a763436c6a039f67867875.jpg,640,640,Pencil,268,6,408,614
20251208_121313_jpg.rf.89a879ff35ab0d4f7acda0257b36ff5c.jpg,640,640,pen,47,283,637,381
20251208_141032_jpg.rf.dc64d43d5b0219e321d9c3bb32be67ed.jpg,640,640,Ruler,6,149,628,415
20251208_131930_jpg.rf.31b30124f575330c76f2f2e07be4fde6.jpg,640,640,notebook,199,12,452,611
20251208_132301_jpg.rf.12963ff96af81a4a04c7af8e60f2320b.jpg,640,640,notebook,138,57,511,601
20251208_110032_jpg.rf.afbf6f566932630465d980d4f5f64202.jpg,640,640,Highlighter,16,143,640,387
20251208_124620_jpg.rf.54c81099d7672bc7a6f3bd400bc7782f.jpg,640,640,Pencil,285,92,408,548
20251208_124103_jpg.rf.ac608a3bf85a3eba81dac65df5a6aa63.jpg,640,640,pen,56,245,580,322
20251208_135314_jpg.rf.9519679bee417cc8eab8b1a59b7460fc.jpg,640,640,pen,57,227,605,348
20251208_134522_jpg.rf.c323eb1025072348996db3921f7e634d.jpg,640,640,Highlighter,10,201,627,321
20251208_131734_jpg.rf.20ad9ead4fdd1edd25ff72487d1125a7.jpg,640,640,notebook,113,32,533,611
20251208_141008_jpg.rf.f1cdc41c1878c8b33d60f7e76633978b.jpg,640,640,Pencil,202,227,526,304
20251208_122057_jpg.rf.14c2d701c0651efd6118519304f8480c.jpg,640,640,pen,292,32,370,640
20251208_132333_jpg.rf.4d69b00815e38f9296a507c5159e90d1.jpg,640,640,notebook,135,27,510,587
20251208_115828_jpg.rf.0e549ef311b0fbe2cb8d0dfab5193b38.jpg,640,640,Pencil,329,22,346,640
20251208_140901_jpg.rf.961d53d7514362b3d9fe196efee11ad4.jpg,640,640,pen,43,242,625,348
20251208_120138_jpg.rf.e746c7257c67b431883d63da8255d79c.jpg,640,640,Highlighter,14,241,582,425
20251208_122047_jpg.rf.91effc2f519e721990c1e47127f3efeb.jpg,640,640,pen,336,6,367,640
20251208_115606_jpg.rf.2815f4c0c825b287508e0d4613ada10d.jpg,640,640,Pencil,23,294,630,357
20251208_115455_jpg.rf.04e24b94092c67999e7cd21c02af5601.jpg,640,640,Pencil,0,315,597,465
20251208_124010_jpg.rf.285f9d98c9e7913ca08cf809ecd55ba3.jpg,640,640,pen,35,272,639,368
20251208_115621_jpg.rf.eef2068e9e48677b34663f2b9d26bb05.jpg,640,640,Pencil,316,25,333,636
20251208_121855_jpg.rf.5e5151fa4156985c92eb826e82d598fa.jpg,640,640,Pencil,5,339,617,420
20251208_121123_jpg.rf.6ca5f79d30a73c6a2b5058ab6dcbe727.jpg,640,640,Highlighter,153,238,496,378
20251208_135702_jpg.rf.526ebb024df6089df5c3d7b3d7131324.jpg,640,640,pen,10,217,584,324
20251208_135604_jpg.rf.18b861b873581e85903a090de447e4d7.jpg,640,640,Pencil,322,2,338,640
20251208_135325_jpg.rf.29e34d45a0c82c7d52d5aa61c9539c03.jpg,640,640,pen,269,11,387,616
20251208_141140_jpg.rf.59dc87f7e6787a9c84a9f5c3a73dfe42.jpg,640,640,Eraser,314,236,382,455
20251208_115455_jpg.rf.7d3d6f771dd34886e9432aa7d206a71f.jpg,640,640,Pencil,29,370,630,416
20251208_132344_jpg.rf.2e5491f46b7b57533f55f794f2657fc1.jpg,640,640,notebook,184,18,491,633
20251208_115420_jpg.rf.14ce9f81c1bc6aaa9bd93b59a64d04fe.jpg,640,640,Pencil,307,18,321,635
20251208_132150_jpg.rf.f94269fdfa5f45d80d7ffba2fbf34b58.jpg,640,640,notebook,166,70,517,581
20251208_135314_jpg.rf.1ac8c620eb8c8e37401f87750e3d1680.jpg,640,640,pen,60,242,604,334
20251208_141008_jpg.rf.348c1c2c4c08fc7cf608a91558402295.jpg,640,640,Pencil,117,206,447,317
20251208_134834_jpg.rf.467b4b65e1ee11c26724856bad1328a9.jpg,640,640,Highlighter,268,32,450,640
20251208_124411_jpg.rf.c870e929f3ec276141210f8eae6e3a9d.jpg,640,640,Pencil,332,77,357,540
20251208_120534_jpg.rf.39a32a487d681fbd678ef9ff27657111.jpg,640,640,pen,348,7,380,635
20251208_122053_jpg.rf.c0b4b78dc27dacd2ca638d6d13844615.jpg,640,640,pen,40,263,588,452
20251208_131540_jpg.rf.bb797fd3243d895dbd0feffbba7ed32d.jpg,640,640,notebook,97,25,526,617
20251208_141052_jpg.rf.6514a3707961bf27a7b1434aab6c535e.jpg,640,640,Ruler,24,100,604,332
20251208_120717_jpg.rf.05753e3044e23141c64e028def4c23f1.jpg,640,640,Correction pen,320,17,385,629
20251208_105218_jpg.rf.f455ee17a9e91321bb9e6622e688bb4a.jpg,640,640,pen,0,287,630,392
20251208_121133_jpg.rf.127a0f5bcd93a5b4c73a187e8d042711.jpg,640,640,Highlighter,328,32,403,607
20251208_135709_jpg.rf.451bc236e51ffef3543a0912adfcc88f.jpg,640,640,pen,295,17,325,632
20251208_140801_jpg.rf.adb55a5eda0f6e5a6974a13f3407ed6c.jpg,640,640,Whiteboard marker,16,206,617,358
20251208_121145_jpg.rf.896c67e7952abba54083c154e04e7245.jpg,640,640,Pencil,38,197,618,303
20251208_124350_jpg.rf.9a6c6074c40f5688fc3988dc02081809.jpg,640,640,Pencil,234,268,432,324
20251208_135000_jpg.rf.92f581ec37964ba2ef1973e22598f36a.jpg,640,640,Highlighter,274,28,328,620
20251208_115236_jpg.rf.fdf0ad46dfc615b3cbca94d7ffbac415.jpg,640,640,Whiteboard marker,20,197,634,370
20251208_132106_jpg.rf.28eb38290f47a61023669fd7dc3bb6ad.jpg,640,640,notebook,119,114,520,640
20251208_120138_jpg.rf.e7d2350f7444bdf58101a68ce99b3c4e.jpg,640,640,Highlighter,14,241,582,425
20251208_135018_jpg.rf.3b8d49993eae441c26c2e407afa7e5b5.jpg,640,640,Compass,299,12,385,611
20251208_120630_jpg.rf.0ad6ed42a9891fe806922c3882d98e9e.jpg,640,640,pen,329,7,374,632
20251208_120736_jpg.rf.bd02a9e7c7904ebe2620804f68a96e2c.jpg,640,640,pen,289,20,369,629
20251208_131811_jpg.rf.f18cd81f57255b71986d47ec7858ce85.jpg,640,640,notebook,206,16,458,633
20251208_124615_jpg.rf.824c2b7e5476d9d80e111994121f6106.jpg,640,640,Pencil,215,290,466,338
20251208_105159_jpg.rf.a778722702132a4cf3b82e4c52b70d5e.jpg,640,640,pen,10,267,11,278
20251208_105159_jpg.rf.a778722702132a4cf3b82e4c52b70d5e.jpg,640,640,pen,0,273,639,376
20251208_135325_jpg.rf.25d27a30ce8e31688d9f8cfbe3a85a88.jpg,640,640,pen,289,12,333,616
20251208_132115_jpg.rf.ef9c30ba74c34e08028d9e8ead0e4842.jpg,640,640,notebook,201,18,448,619
20251208_135051_jpg.rf.3ffd75380c8f0106abba22ef1e23615d.jpg,640,640,Compass,151,231,562,483
20251208_121306_jpg.rf.cda6305bb701af0bcc1a285dac2ce34e.jpg,640,640,pen,6,242,637,367
20251208_135733_jpg.rf.ecc67a16492c069b0ecfa3c884bc4242.jpg,640,640,pen,27,214,611,306
20251208_115807_jpg.rf.1372cfab95e5f5687d016f79e546177c.jpg,640,640,Pencil,26,267,633,325
20251208_121023_jpg.rf.74fdff621db6dcbdc34a32a6221a8af0.jpg,640,640,Highlighter,164,210,551,370
20251208_131948_jpg.rf.05cbd3f0120d14ac7f593c6a96930d11.jpg,640,640,notebook,170,72,521,546
20251208_132015_jpg.rf.cd64e2830362a0025349f7b98e7e8157.jpg,640,640,notebook,186,29,444,618
20251208_140901_jpg.rf.bb573779212b137742fe3b27aa5ff735.jpg,640,640,pen,16,185,607,400
20251208_110032_jpg.rf.c6465e1c0057ea3e6f84a5619ebc2386.jpg,640,640,Highlighter,19,164,632,365
20251208_131715_jpg.rf.1a1dce2159b394d5890dabd3a49f186a.jpg,640,640,notebook,143,100,500,581
20251208_135113_jpg.rf.14d8a1a6cff4e9385693a96071ab15ec.jpg,640,640,Eraser,247,152,353,462
20251208_135037_jpg.rf.461d5deb0b26ba99a80ca59a7949f025.jpg,640,640,Compass,145,212,519,399
20251208_132333_jpg.rf.5852a2efb3d9bc197c2ac5a0ff32f348.jpg,640,640,notebook,100,6,541,608
20251208_141013_jpg.rf.ce8bc42bfb8ef836208fd2a68239e870.jpg,640,640,Pencil,242,31,326,545
20251208_115408_jpg.rf.ae9b6e352cf7bffd29797bf31163c7c6.jpg,640,640,Pencil,23,259,640,304
20251208_131532_jpg.rf.ffccac2fa9735e5c910b6a4c3191c403.jpg,640,640,notebook,216,6,482,636
20251208_122006_jpg.rf.95727b88f45b7007ac6f2685e7c5fc47.jpg,640,640,pen,114,272,530,327
20251208_132621_jpg.rf.cf6c298125a716191f88560c765c6a5b.jpg,640,640,notebook,156,57,488,555
20251208_110752_jpg.rf.12e9160542c75f0ade2ac08a74bf79f4.jpg,640,640,pen,5,350,629,458
20251208_115443_jpg.rf.f3485d27eed4c3751112821e3b5d3e4c.jpg,640,640,pen,342,14,369,640
20251208_120622_jpg.rf.b35cf24f78f7c755d6bacf2e2b075859.jpg,640,640,pen,31,214,615,328
20251208_135410_jpg.rf.4f139d6bfbb20c4317061503fb410030.jpg,640,640,Pencil,321,21,340,632
20251208_124224_jpg.rf.d149286dd008cfbfebac9a7c83ed42ba.jpg,640,640,Pencil,222,251,427,318
20251208_135300_jpg.rf.0e31cfe5a82bc5898836b2b7a8af6078.jpg,640,640,Pencil,142,344,544,404
20251208_135604_jpg.rf.36312c264eac8ede5670d4880f3fdd33.jpg,640,640,Pencil,317,2,344,640
20251208_135225_jpg.rf.88147dc2d2cc928dbf637e3707f56a3d.jpg,640,640,Highlighter,195,212,528,282
20251208_135733_jpg.rf.ad2c2373f4f8cfa7d61813d46e2d6b28.jpg,640,640,pen,28,204,614,316
20251208_121938_jpg.rf.550eab86294b748045e3dd4ce9633ab8.jpg,640,640,pen,321,0,352,630
20251208_110735_jpg.rf.4ae67d18c7ac01fa75b015d0a675cafa.jpg,640,640,Correction pen,21,243,627,450
20251208_124133_jpg.rf.d2ac2d7259ceeb9c09538b6c2b8f1f53.jpg,640,640,Whiteboard marker,290,3,347,616
20251208_120446_jpg.rf.1c8c9d3a0e1ba4d20ffa8c3b680b046e.jpg,640,640,Pencil,333,3,351,640
20251208_115823_jpg.rf.5fd895a4b2fe8cd047fc7329792ac5af.jpg,640,640,Pencil,29,290,602,377
20251208_134604_jpg.rf.f6e2758e17a585d40f5bc6f121b0e688.jpg,640,640,Highlighter,292,17,388,602
20251208_132426_jpg.rf.d48555dab8dd0baa16f4a56f1eac31d1.jpg,640,640,notebook,196,23,444,640
20251208_120736_jpg.rf.9b3e56431973ae1a3d452d50fe50ad9c.jpg,640,640,pen,316,18,343,628
20251208_121951_jpg.rf.1f7e297d835688c6175c9d8109c5653c.jpg,640,640,Pencil,44,246,580,295
20251208_140945_jpg.rf.b10013fea113d803df1cc40c0b05b5bd.jpg,640,640,Whiteboard marker,29,203,597,356
20251208_132556_jpg.rf.ac7a41d3c2e3f294c033822f0463f2b6.jpg,640,640,notebook,140,51,542,586
20251208_135037_jpg.rf.88aa4cb4cdf6ed47219d7e70a2c4473a.jpg,640,640,Compass,110,176,513,431
20251208_122053_jpg.rf.8788855da8a9b75ed8f115220dcf34f1.jpg,640,640,pen,37,312,578,399
20251208_124427_jpg.rf.b46d6a2a92595b1a425d9725942616a8.jpg,640,640,Pencil,270,100,339,548
20251208_124337_jpg.rf.6a255df73f2275e2a6ea6d603570a52a.jpg,640,640,Pencil,157,247,529,303
20251208_124224_jpg.rf.2a08542a4eec99d7af27e1bf2152925a.jpg,640,640,Pencil,214,238,426,330
20251208_110032_jpg.rf.3aaf690c5cc0ca4c932d9e3a57fbe4cc.jpg,640,640,Highlighter,6,143,632,387
20251208_141232_jpg.rf.22847f12e5635e0bb4195ec41d3768e0.jpg,640,640,Pencil,26,234,627,306
20251208_132552_jpg.rf.76fdd35f08e43f398479b96e7acad953.jpg,640,640,notebook,214,3,474,618
20251208_132552_jpg.rf.fd8d06ee6346db2011486e55333c289a.jpg,640,640,notebook,178,0,511,635
20251208_140929_jpg.rf.7fc7104073b8f56a03821dd4aacb6310.jpg,640,640,Whiteboard marker,22,152,611,400
20251208_135625_jpg.rf.610c0c86a5e79e66b88fd7b39a548a11.jpg,640,640,pen,44,222,602,367
20251208_115719_jpg.rf.46f8524e748df0703f42934704bfde0a.jpg,640,640,Pencil,349,11,370,640
20251208_115756_jpg.rf.8388b50cdc5b0bfec54f51d6e5dd203e.jpg,640,640,Pencil,231,11,376,619
20251208_135334_jpg.rf.ae22f371f96140c291c6511a159b50a7.jpg,640,640,Pencil,80,271,521,389
20251208_105341_jpg.rf.1c6c8ba40c3bf5c9f965c065695f99b6.jpg,640,640,Correction pen,1,239,621,443
20251208_135548_jpg.rf.1e1612f9cb820c7f8b30ff7eddc93910.jpg,640,640,pen,55,200,601,283
20251208_132433_jpg.rf.1dbc94ad5c628566a4ff7917cf132f19.jpg,640,640,notebook,97,42,542,606
20251208_134522_jpg.rf.f960184f0f2f729b545e5b251021e4e1.jpg,640,640,Highlighter,15,148,640,373
20251208_110855_jpg.rf.4961081f087b33aab404b5e505d93ec8.jpg,640,640,pen,2,269,640,462
20251208_132523_jpg.rf.86a2b8d376602b3c02733d8029eac5bf.jpg,640,640,notebook,196,1,502,628
20251208_131507_jpg.rf.19c07789e0ed2cdae5d7db7b65e42b28.jpg,640,640,notebook,63,17,550,596
20251208_135552_jpg.rf.96435824ab785aea779f82f91c423a5d.jpg,640,640,pen,261,31,420,627
20251208_132433_jpg.rf.0ce42185064902cf77387925172808ea.jpg,640,640,notebook,107,49,533,598
20251208_134858_jpg.rf.87a8c8a57705a84ef13a3800c4cf455c.jpg,640,640,Highlighter,190,35,350,628
20251208_134839_jpg.rf.290d90f2c6f0f7b34516e5c8bbfa6394.jpg,640,640,Highlighter,209,245,534,373
20251208_140912_jpg.rf.4cc7a5a682c1598c5963559f981dd61a.jpg,640,640,pen,62,186,622,282
20251208_135448_jpg.rf.65ab3444203aadea24c13d2ad1d2176f.jpg,640,640,Pencil,328,6,351,621
20251208_121128_jpg.rf.433dc7b6db95484201c5c50aac5981c3.jpg,640,640,Highlighter,327,23,405,586
20251208_132052_jpg.rf.90186b27a9e3e2968ad269ba7411a506.jpg,640,640,notebook,192,25,436,611
20251208_132542_jpg.rf.ec3a4ab261dbeb026facc5ac75edf969.jpg,640,640,notebook,64,11,547,605
20251208_135200_jpg.rf.61e74bd34bb130c3f18588aea5f8c5c2.jpg,640,640,Eraser,286,333,344,453
20251208_131734_jpg.rf.5d61a927951b7fa6af0fad1f8e0368e4.jpg,640,640,notebook,97,25,537,618
20251208_121743_jpg.rf.580a7bd1da74170d09ce644429e901aa.jpg,640,640,pen,238,9,404,633
20251208_135410_jpg.rf.c70847b8f6406a2a3d9dc61e618b5ece.jpg,640,640,Pencil,268,21,350,631
20251208_120207_jpg.rf.bc28ee455069ac2afcf9f51c52516d8f.jpg,640,640,Highlighter,221,3,333,604
20251208_140945_jpg.rf.f586013a74a6226f7aa809264f1d9431.jpg,640,640,Whiteboard marker,41,152,628,411
20251208_135149_jpg.rf.5db743b598b26b6bbf20497ede842417.jpg,640,640,Sharpener,291,232,356,388
20251208_141137_jpg.rf.10677fb5fc890960b75689f8539a6b10.jpg,640,640,Eraser,191,183,354,348
20251208_120805_jpg.rf.2c55a94d2f9458fc433b95a71e83afae.jpg,640,640,Sharpener,309,217,427,472
20251208_141013_jpg.rf.5972e545372ae0b7b3ec3bb4f5c1b7ee.jpg,640,640,Pencil,345,35,375,549
20251208_120338_jpg.rf.30a72223c285f62808b4a1714f914f05.jpg,640,640,pen,245,4,301,640
20251208_111612_jpg.rf.a48a53dd474336cd2578dbacdfde66dc.jpg,640,640,pen,8,274,640,361
20251208_132411_jpg.rf.cb9c75e4252c60731dae4533854abf66.jpg,640,640,notebook,181,0,504,626
20251208_115646_jpg.rf.61dbe2ed926bbbadd8e8aefbdb8e31de.jpg,640,640,Pencil,15,369,634,434
20251208_121234_jpg.rf.6f028e0757b7f75e09b7d8bb2a340af1.jpg,640,640,Eraser,291,186,369,429
20251208_132248_jpg.rf.7033edbbf50f826b4ee0f8cd52e37eaa.jpg,640,640,notebook,184,0,463,614
20251208_115756_jpg.rf.be032ed92819da011f9ec4f99f35c2af.jpg,640,640,Pencil,329,10,346,628
20251208_131702_jpg.rf.a829b5c035ff6bc5951b4865543bd649.jpg,640,640,notebook,131,80,541,595
20251208_115217_jpg.rf.74ac0c5ba51976aa5344e0867a5ff8dc.jpg,640,640,Whiteboard marker,325,0,379,640
20251208_124051_jpg.rf.0083dec3f5b17e5708006d6efe590a7c.jpg,640,640,pen,352,0,401,632
20251208_124144_jpg.rf.aab50421288e3a2976e617c9a038127b.jpg,640,640,pen,66,259,624,327
20251208_115437_jpg.rf.930a6b8d15ce0af0ae9e0c640b907991.jpg,640,640,pen,19,351,618,414
20251208_120413_jpg.rf.cc67556fe9425b6cdb4222843193e5df.jpg,640,640,pen,331,20,364,640
20251208_110809_jpg.rf.2c2710f11d2bd70a4dfa9e59f71d6171.jpg,640,640,pen,3,242,640,496
20251208_135625_jpg.rf.4c5c91d33794ff20f9be9d568094c9ca.jpg,640,640,pen,43,212,603,376
20251208_124303_jpg.rf.638b26f4b1aec6fa6911dc0d48d09388.jpg,640,640,Pencil,275,85,411,588
20251208_120528_jpg.rf.d499efc62c737b8144c4b17c21bc9330.jpg,640,640,pen,17,266,576,369
20251208_110316_jpg.rf.6d9084b630abc3e2eeb8cdb3e2678d94.jpg,640,640,pen,0,170,640,285
20251208_131639_jpg.rf.dcd4d639163746d104a8035339e3837f.jpg,640,640,notebook,213,3,467,597
20251208_132248_jpg.rf.dfadbf67e689afaad46aa4bd3b7271bd.jpg,640,640,notebook,164,0,485,623
20251208_135417_jpg.rf.321a1bb184372417f17a3330d5a5571d.jpg,640,640,Pencil,60,178,574,355
20251208_120752_jpg.rf.a9308f735f13398e1545cbd551833c64.jpg,640,640,Sharpener,247,225,454,501
20251208_135051_jpg.rf.bdaae9f24a87854dfbe2717ac79158b7.jpg,640,640,Compass,63,190,525,540
20251208_121313_jpg.rf.25755fd49c5300c46d35f9c6840c557c.jpg,640,640,pen,0,223,595,432
20251208_141237_jpg.rf.70aa8794b2750f792c0673a424a412a7.jpg,640,640,Pencil,342,3,363,610
20251208_105236_jpg.rf.9479ac35e4d0f35a51b6179548813972.jpg,640,640,pen,16,275,640,402
20251208_140822_jpg.rf.fabbdf83a49f4edb28ef32729fd83ac0.jpg,640,640,Whiteboard marker,267,0,452,609
20251208_105126_jpg.rf.6a0f39bcc743d97e83c253b5c11396c2.jpg,640,640,pen,7,348,640,420
20251208_135334_jpg.rf.1ba19e2aadf18051020ee8fd22ab62a3.jpg,640,640,Pencil,78,257,518,390
20251208_140929_jpg.rf.378a3b864e28cce42aa6a16f052119eb.jpg,640,640,Whiteboard marker,35,117,633,438
20251208_105218_jpg.rf.3850d9476a0025fd34689e2e64838246.jpg,640,640,pen,9,276,640,403
20251208_115749_jpg.rf.e520266d893f5189cb8c71f2e672a83d.jpg,640,640,Pencil,50,268,565,326
20251208_132537_jpg.rf.92d22abf3c7e88cc57aaa3ea34caef4a.jpg,640,640,notebook,208,3,460,599
20251208_141032_jpg.rf.c889801611f730621f94c3bba1a590eb.jpg,640,640,Ruler,4,124,636,440
20251208_135023_jpg.rf.687a4f4066b06f8cbe1726af3c1c6610.jpg,640,640,Compass,107,221,569,441
20251208_124350_jpg.rf.d5a1497717c8e39754347279dd8c6e07.jpg,640,640,Pencil,235,253,440,346
20251208_132542_jpg.rf.3cbf0ed062f65cc2f7836d8ded71e76d.jpg,640,640,notebook,126,36,546,583
20251208_120413_jpg.rf.1b89937ffdce8516a2af47216f220897.jpg,640,640,pen,337,20,359,640
20251208_135200_jpg.rf.a89475635a9d9e1e9e3dd8a581eafc99.jpg,640,640,Eraser,299,327,379,455
20251208_135649_jpg.rf.bc0950f2c3dd5f1b939fd07592e5480c.jpg,640,640,Pencil,36,275,622,356
20251208_115719_jpg.rf.5de83e11791db604ac41ef7fc94486d7.jpg,640,640,Pencil,243,15,318,640
20251208_124010_jpg.rf.1cec3843a6a3ce750faf84c2f5bb5fc1.jpg,640,640,pen,0,200,609,430
20251208_124103_jpg.rf.7783aedb78618b18bd9f6c9e42d02093.jpg,640,640,pen,60,201,589,367
20251208_115337_jpg.rf.954ea9a7a10dba8030488e3215e2cf80.jpg,640,640,Highlighter,60,306,612,519
20251208_134829_jpg.rf.b53dc2e8778736d19718d9849d32aafb.jpg,640,640,Highlighter,320,15,414,637
20251208_120534_jpg.rf.563816e17621ce11e0a2403f4325ca6e.jpg,640,640,pen,244,4,309,633
20251208_135630_jpg.rf.9e53ec26c44993fb67d2fc2644d942e4.jpg,640,640,pen,312,14,345,623
20251208_135000_jpg.rf.36b0c6c9c69597500d571392b7440be8.jpg,640,640,Highlighter,323,29,356,620
20251208_135604_jpg.rf.f238010391b94b2cc57c674b429e80ad.jpg,640,640,Pencil,278,6,383,640
20251208_120805_jpg.rf.8b35f381a9c49d911eac5049fdb3d506.jpg,640,640,Sharpener,197,216,357,488
20251208_120138_jpg.rf.a78ab9a7c3be51ecd8ed4405f162cd8c.jpg,640,640,Highlighter,57,235,628,429
20251208_110855_jpg.rf.b6f8b7fffa09a39832e7e28facc07133.jpg,640,640,pen,5,313,640,419
20251208_132552_jpg.rf.57b6755062ed48a327a2125e9da60864.jpg,640,640,notebook,90,0,500,640
20251208_115443_jpg.rf.d5381cb80be891fec81bf0e7435cce52.jpg,640,640,pen,326,12,386,639
20251208_135047_jpg.rf.8d1f4acc3f5a07d558d3faa9931b1fc2.jpg,640,640,Compass,225,25,384,632
20251208_115420_jpg.rf.317d6adf56f03d57e817ad1cd22b3b8f.jpg,640,640,Pencil,309,18,345,635
20251208_122006_jpg.rf.b0b0cc76dc0bc75440842d3478314bb5.jpg,640,640,pen,116,237,535,363
20251208_105341_jpg.rf.8fdb62962706a119a90f4d1430088d19.jpg,640,640,Correction pen,0,222,624,458
20251208_124337_jpg.rf.7b08174664959fcc13fc82f7d14c044d.jpg,640,640,Pencil,155,240,529,308
20251208_124632_jpg.rf.a929f84e12eea1d7b0b0c0d6bbcdb7b3.jpg,640,640,Sharpener,222,240,344,391
20251208_135011_jpg.rf.f2bb1b9e82fb6193b9c6eaed33290c67.jpg,640,640,Compass,53,199,606,480
20251208_115408_jpg.rf.f928e80f408bc75821ab3f81bd3f7cd7.jpg,640,640,Pencil,1,243,620,320
20251208_135649_jpg.rf.2209c616ff4f141425e2f4bb004bc38d.jpg,640,640,Pencil,23,213,604,413
20251208_121351_jpg.rf.353479386f86f1dafd0b535aef4b449f.jpg,640,640,pen,328,1,390,624
20251208_115828_jpg.rf.e81f2d03b6ac6eeac89cfd4e555a7e40.jpg,640,640,Pencil,244,22,358,635
20251208_131811_jpg.rf.0e6ce93c8aef00611ab87d5e6410392a.jpg,640,640,notebook,117,0,501,640
20251208_131708_jpg.rf.49f5bf4ae56b61c535bc7e0099aacf36.jpg,640,640,notebook,203,31,459,625
20251208_121938_jpg.rf.3370e99b533c11216f50d611b5a2c694.jpg,640,640,pen,240,0,369,626
20251208_124317_jpg.rf.eac85d97b7c1eb65a5d88bcd6f816856.jpg,640,640,Pencil,321,47,352,577
20251208_141052_jpg.rf.e917447b5be9732313c007f032653f95.jpg,640,640,Ruler,32,133,596,298
20251208_131353_jpg.rf.2123b50ca46e768e38fd720444c3bc17.jpg,640,640,notebook,173,0,487,640
20251208_120711_jpg.rf.579462031bc11731960e6705fc2a03c1.jpg,640,640,Correction pen,15,185,608,465
20251208_115823_jpg.rf.83865be51332f68290cfd957625db301.jpg,640,640,Pencil,38,231,617,435
20251208_132354_jpg.rf.ad051a8b63da342220b345bf49abeddc.jpg,640,640,notebook,216,21,469,606
20251208_115557_jpg.rf.aabfb9abd48468f05371a860c6a19e31.jpg,640,640,Pencil,290,0,377,638
20251208_134909_jpg.rf.380f85cca2711ed0c2ad317c40900d5f.jpg,640,640,Correction pen,52,167,622,383
20251208_131708_jpg.rf.0fd5dc232cbad88186441d92da377e31.jpg,640,640,notebook,132,11,524,640
20251208_141008_jpg.rf.a66b7d0a11e8cad4f48c7fb3972ca637.jpg,640,640,Pencil,116,213,445,313
20251208_115646_jpg.rf.586822c65bbe0ba42fbd715f2fffa2e5.jpg,640,640,Pencil,10,347,633,455
20251208_115739_jpg.rf.18dda7a609e48be9b6fa63f375361f1e.jpg,640,640,Pencil,302,9,419,635
20251208_120711_jpg.rf.0e244dbd498e6376a4d68f2cfcb46d4e.jpg,640,640,Correction pen,29,178,626,477
20251208_110735_jpg.rf.3223e93ae240eb1be496f95603ebf5ba.jpg,640,640,Correction pen,17,227,633,465
20251208_134927_jpg.rf.7b71c43a17747764be27b606c4c0f46c.jpg,640,640,Pencil,50,218,630,268
20251208_121056_jpg.rf.ee3900d7386e3fae366a547a12857481.jpg,640,640,Ruler,9,201,631,444
20251208_141140_jpg.rf.0f11a9611d05f97487a404869e456a7d.jpg,640,640,Eraser,245,237,350,464
20251208_141126_jpg.rf.f1632801b6a433083c3c478f6d0dbbbb.jpg,640,640,Compass,297,38,397,638
20251208_135709_jpg.rf.29abb1a334f9be8509c0a731b18a92ab.jpg,640,640,pen,220,20,398,624
20251208_134909_jpg.rf.ab03b52db35aef390f68e34f75a0c179.jpg,640,640,Correction pen,65,203,621,352
20251208_121234_jpg.rf.404ab6a563245ed734fb065653c9ecef.jpg,640,640,Eraser,268,184,354,430
20251208_124234_jpg.rf.eff07f5532630fced01895b972461251.jpg,640,640,Pencil,299,144,350,521
20251208_121128_jpg.rf.12ab9b30e0af42bc5d052e9f45e6a762.jpg,640,640,Highlighter,322,22,409,586
20251208_140901_jpg.rf.16eec99cbf7d9efaeeed91ba818c3c6a.jpg,640,640,pen,34,190,625,395
20251208_121351_jpg.rf.e63ac862c4689c7996af7eb608cd253b.jpg,640,640,pen,250,4,312,627
20251208_110855_jpg.rf.8cf4ba43fa5d0f0c5919114d5adc33f8.jpg,640,640,pen,0,285,634,446
20251208_132411_jpg.rf.3ecdc385e48af1b653931a75abf8c2aa.jpg,640,640,notebook,216,3,467,611
20251208_122027_jpg.rf.fe836010c9908e0cb16f9e3942dd34e7.jpg,640,640,pen,252,21,402,625
20251208_135120_jpg.rf.77709d95adc89c523781f6e0c602a651.jpg,640,640,Eraser,253,232,430,435
20251208_131532_jpg.rf.efcb8f334467618d1f6b9efff4453339.jpg,640,640,notebook,116,0,467,640
20251208_132115_jpg.rf.b5aeb8daee21224cb457448d44094a3f.jpg,640,640,notebook,176,9,474,629
20251208_124323_jpg.rf.139d19ab775c55e75ed4ebd26dbc8149.jpg,640,640,Pencil,89,200,562,334
20251208_132238_jpg.rf.0bd79e658429de39eaec3a431d59352d.jpg,640,640,notebook,113,30,567,640
20251208_124421_jpg.rf.a0513ac231ffbacaecbadd6f8c51b716.jpg,640,640,Pencil,218,257,476,354
20251208_135340_jpg.rf.bc6bdc41d7650710c5abf29f69c0e54b.jpg,640,640,Pencil,289,30,401,635
20251208_121918_jpg.rf.32a37ac38ca7f4d2bafe1135452c70e0.jpg,640,640,Sharpener,278,270,395,430
20251208_111627_jpg.rf.51b0e278a63adcde260db05af8e06572.jpg,640,640,pen,5,205,630,387
20251208_131741_jpg.rf.abf089985b081f051faa73567c5932d6.jpg,640,640,notebook,147,0,492,638
20251208_132605_jpg.rf.1e075fbe3f3ec79cc245bbb5e0c8d758.jpg,640,640,notebook,141,30,481,639
20251208_141314_jpg.rf.1355678d424d78e4746afe4f8d65c6c5.jpg,640,640,Pencil,13,277,600,362
20251208_131741_jpg.rf.f66713d4caad8d7aeeeb1afac48d3b0c.jpg,640,640,notebook,163,4,478,634
20251208_124247_jpg.rf.58a4456576b2dbab043a9568a11a1a59.jpg,640,640,Pencil,317,4,398,640
20251208_135750_jpg.rf.bf777cc2e3cfdabfde870b86425e37d1.jpg,640,640,Pencil,36,221,599,334
20251208_132611_jpg.rf.10efa14cee1dd6e19887e579dd66c2fc.jpg,640,640,notebook,87,25,567,622
20251208_121123_jpg.rf.c30c1f7cbbb1393da39d931a32fc189f.jpg,640,640,Highlighter,140,204,505,412
20251208_135816_jpg.rf.40dd38d0b6c3f94e963677d84bb80e38.jpg,640,640,pen,7,238,618,402
20251208_131609_jpg.rf.d4f3910665a481aa76921cc1d9d98684.jpg,640,640,notebook,200,20,452,635
20251208_135523_jpg.rf.61d1d913caaed868162ba3f57311721b.jpg,640,640,pen,32,171,580,360
20251208_134839_jpg.rf.b2746162233677f9ce68beaac39c1e47.jpg,640,640,Highlighter,97,229,438,406
20251208_122022_jpg.rf.fdf90e9113cc0c3072c9818d19c3eb3a.jpg,640,640,pen,86,283,532,343
20251208_105159_jpg.rf.f92deb2fe181ccdf379a09c00f7f5900.jpg,640,640,pen,631,283,633,294
20251208_105159_jpg.rf.f92deb2fe181ccdf379a09c00f7f5900.jpg,640,640,pen,0,256,640,392
20251208_132238_jpg.rf.390d2baf1aabdf490f296856c75aa9f3.jpg,640,640,notebook,89,5,601,640
20251208_135733_jpg.rf.e7912ed75fca1044977ff6d246c32d96.jpg,640,640,pen,36,160,626,362
20251208_122057_jpg.rf.4ff2e1c7ab6f17af62a4398b139f8570.jpg,640,640,pen,309,32,356,640
20251208_135612_jpg.rf.89831b254592af94dff52388dfb094f6.jpg,640,640,pen,21,183,602,371
20251208_134853_jpg.rf.e0f32d98198c0d31fe4fcb0c1ac8e48c.jpg,640,640,Highlighter,107,169,606,272
20251208_135300_jpg.rf.4e51d41cfbf2e669177d125de9d37a28.jpg,640,640,Pencil,144,333,548,413
20251208_141225_jpg.rf.e4c8b50164dbbbebfed07ee5e88e73da.jpg,640,640,Pencil,51,259,636,339
20251208_120736_jpg.rf.f8b1c4461b55c1427639bacbaae63c97.jpg,640,640,pen,282,18,340,628
20251208_121133_jpg.rf.931a47a90edbb7493f242b6934be835d.jpg,640,640,Highlighter,303,26,428,605
20251208_121145_jpg.rf.9b4f7dd06ad9373b37eed4844016a40a.jpg,640,640,Pencil,34,221,611,277
20251208_120711_jpg.rf.5d5f4f5bb577ddf5ea3c317905477fe3.jpg,640,640,Correction pen,27,224,597,427
20251208_134834_jpg.rf.ca2759e3690687fa42d74f894d7eb309.jpg,640,640,Highlighter,329,25,395,638
20251208_140949_jpg.rf.e50cc9841fb59ce90eb74065716581c2.jpg,640,640,Whiteboard marker,183,12,360,631
20251208_105332_jpg.rf.558b4ce6f0d4c3caa10fbd09fe437142.jpg,640,640,Correction pen,1,153,630,366
20251208_115337_jpg.rf.69f3a7a4c8881461c3a721e9c511ab62.jpg,640,640,Highlighter,47,339,585,488
20251208_105236_jpg.rf.a2f066ee3207cf81145e3f25d4c7e755.jpg,640,640,pen,0,281,622,397
20251208_131507_jpg.rf.375a9a91469a503091f036bf139a0ed7.jpg,640,640,notebook,43,2,569,613
20251208_132344_jpg.rf.489c84f27aa8340dde2e5637ebc1d433.jpg,640,640,notebook,215,27,461,619
20251208_124150_jpg.rf.5f9d2111b75d4c00a8b7da62850c0587.jpg,640,640,pen,336,0,360,625
20251208_134522_jpg.rf.af9ea557bae4251be7d894a4145639a1.jpg,640,640,Highlighter,22,129,640,395
20251208_131921_jpg.rf.a500e102361df7060976a947e415fe3a.jpg,640,640,notebook,124,7,508,640
20251208_120717_jpg.rf.dc70642c1566babb650385992a74c746.jpg,640,640,Correction pen,277,20,427,636
20251208_120630_jpg.rf.03911646bd6cab4bfb8cab76407f6ff3.jpg,640,640,pen,245,4,333,631
20251208_115437_jpg.rf.a30b106c86fb6a067753d8073eb09c80.jpg,640,640,pen,9,283,607,479
20251208_124133_jpg.rf.3e18468c0bdde9161087722270032960.jpg,640,640,Whiteboard marker,232,4,416,616
20251208_124620_jpg.rf.276f631a9ca9ed6182514c16f9d7fb13.jpg,640,640,Pencil,332,85,360,545
20251208_132611_jpg.rf.bf6622e85ab6ed9d761fdb181dea5eac.jpg,640,640,notebook,92,23,564,616
20251208_132617_jpg.rf.98dfce3e42ef50ab7a1e69750f8c1380.jpg,640,640,notebook,186,15,490,616
20251208_105332_jpg.rf.6c3fbc4722efc726207ff41f40b0f2e7.jpg,640,640,Correction pen,0,87,632,436
20251208_134927_jpg.rf.3c1470110987566d35dc8aa9f48c8093.jpg,640,640,Pencil,0,163,573,333
20251208_132621_jpg.rf.69e678fd4a8af69a02549896ef35037a.jpg,640,640,notebook,121,36,519,575
20251208_141211_jpg.rf.53738d6d64ce1d537d103b27b053c58c.jpg,640,640,Sharpener,339,204,427,409
20251208_124343_jpg.rf.60c51a644652b23cf82847dfebb3fb88.jpg,640,640,Pencil,316,3,398,586
20251208_141047_jpg.rf.f41c0603588663b20f0d2977080a73fb.jpg,640,640,Ruler,221,13,342,636
20251208_134858_jpg.rf.874ddea81c6f0327c6498e49f767981f.jpg,640,640,Highlighter,353,21,389,620
20251208_121306_jpg.rf.b2fd39493b90b38c73a3e47e09f18183.jpg,640,640,pen,3,231,638,378
20251208_115606_jpg.rf.3ed2cf70337bdffde3e6aa66699ef281.jpg,640,640,Pencil,10,243,619,411
20251208_132530_jpg.rf.882373f9e0d1459809c68ceb48be03fb.jpg,640,640,notebook,45,10,555,640
20251208_124144_jpg.rf.fad3c4e2fa748024713b5ae36854a057.jpg,640,640,pen,12,237,574,353
20251208_132605_jpg.rf.d84c7421e01b799aa4adc7dbd474d7d9.jpg,640,640,notebook,168,40,451,627
20251208_124329_jpg.rf.aaf76803c764c91a1583841428fe178b.jpg,640,640,Pencil,229,37,367,636
20251208_131850_jpg.rf.7127c3a3aa10cf1d989a6f215ce4d353.jpg,640,640,notebook,116,70,513,587
20251208_110042_jpg.rf.82002539c992cee789a0bd264a3622de.jpg,640,640,Highlighter,0,215,631,496
20251208_132621_jpg.rf.dd70bb60882bf854541b0e15189c7242.jpg,640,640,notebook,121,36,519,575
20251208_131540_jpg.rf.bc481425ac5afd755cd333d9f58db9c1.jpg,640,640,notebook,115,25,543,617
20251208_131639_jpg.rf.a0c9472536c55df1c3e8e2b71fa29534.jpg,640,640,notebook,125,0,469,617
20251208_135018_jpg.rf.a80bb1a58c7d50a154e084e9c463d359.jpg,640,640,Compass,269,12,417,617
20251208_135548_jpg.rf.b44284ae07f991b1b9a3ff959e6da406.jpg,640,640,pen,20,144,570,347
20251208_132106_jpg.rf.73a4311c15eda7de425cfd00beaf0b4a.jpg,640,640,notebook,61,79,555,640
20251208_120752_jpg.rf.3eb52bcf9003b8965c0167276537cbae.jpg,640,640,Sharpener,226,195,494,513
20251208_140912_jpg.rf.3f9880092300b79381c0f899e70fe12b.jpg,640,640,pen,72,142,640,334
20251208_140949_jpg.rf.1bfe849101ef2d4be8c87f9d603c507d.jpg,640,640,Whiteboard marker,327,0,408,621
20251208_110752_jpg.rf.37b755aabfbabe870dd01eb032d24122.jpg,640,640,pen,0,273,612,529
20251208_124329_jpg.rf.96af7d6be0f629d8b54bccefdb2e0c43.jpg,640,640,Pencil,333,29,356,635
20251208_131626_jpg.rf.2e72c58d007d1c951c49f46f32c879c2.jpg,640,640,notebook,120,0,485,640
20251208_131617_jpg.rf.d7fc77f217d4a45c52113e9c43857c42.jpg,640,640,notebook,123,38,559,585
20251208_135225_jpg.rf.4a7f57b247c68675d81884694b137e41.jpg,640,640,Highlighter,186,194,524,293
20251208_135350_jpg.rf.827444f33672d629fbcf9e5ea3c5b0a9.jpg,640,640,Pencil,59,263,629,314
20251208_121827_jpg.rf.6a0f044cf0d49d07aa21d08a7eab1a04.jpg,640,640,pen,242,1,388,634
20251208_105218_jpg.rf.138f706909e2192460a09844b787bdcf.jpg,640,640,pen,8,259,640,419
20251208_115807_jpg.rf.66a01195bb80d64bd7c3a6b8047e6d5c.jpg,640,640,Pencil,27,247,636,347
20251208_121922_jpg.rf.2f7733c69a12b106379ad464d33d2659.jpg,640,640,Sharpener,322,238,424,464
20251208_134915_jpg.rf.2b880ee5561282fb7d2692e00152fdcf.jpg,640,640,Correction pen,216,0,336,614
20251208_124144_jpg.rf.823e96480f489d14041ba89b6d6f0a3d.jpg,640,640,pen,10,195,567,405
20251208_120150_jpg.rf.345c5d3743831d9da453c0d5e70bf829.jpg,640,640,Highlighter,19,177,627,491
20251208_124110_jpg.rf.53f33c057dde81eac7236719526f570b.jpg,640,640,pen,289,4,393,632
20251208_141123_jpg.rf.9bf5dd4d146c747507d5efc514f5b8e8.jpg,640,640,Compass,90,185,482,384
20251208_115703_jpg.rf.7c4a6384ac6257fcac8922e55ad81ade.jpg,640,640,Pencil,36,160,639,358
20251208_132115_jpg.rf.7f9d0b920291f4336be771f629ef47e9.jpg,640,640,notebook,160,3,488,633
20251208_110153_jpg.rf.b71d814b728d36a6667f5d570013c425.jpg,640,640,Eraser,129,161,466,507
20251208_135000_jpg.rf.bd294a0cf0bf870cd661aaaeb859cfe7.jpg,640,640,Highlighter,261,36,416,621
20251208_124615_jpg.rf.10df06f9b19cbeff8d3906123877282e.jpg,640,640,Pencil,172,283,426,348
20251208_135528_jpg.rf.9a87db09ebf94178daac86fa59e7056f.jpg,640,640,pen,273,19,327,631
20251208_121808_jpg.rf.d5163d511f0262c7d50faaa7ea776d97.jpg,640,640,Highlighter,261,19,446,636
20251208_141219_jpg.rf.4ecaf931705b544f915e3e2813e39f4a.jpg,640,640,Pencil,323,8,338,640
20251208_140750_jpg.rf.49d00a8129e9dc21ac16c53c1a836368.jpg,640,640,Whiteboard marker,240,13,379,629
20251208_122053_jpg.rf.4490c50f2e38d88ea8067eaffec25744.jpg,640,640,pen,38,281,586,433
20251208_135743_jpg.rf.e24990df97ad6774fffac9a05b42222f.jpg,640,640,pen,247,36,376,619
20251208_124716_jpg.rf.01f1aa7b6232be16617eb93e38a1e581.jpg,640,640,Eraser,238,185,320,416
20251208_131921_jpg.rf.80a391c0e28384eb5576ff8ea061ea64.jpg,640,640,notebook,146,12,492,640
20251208_120330_jpg.rf.8c292342e91e175ae9fa937cfb22ba12.jpg,640,640,pen,0,229,618,422
20251208_131715_jpg.rf.873dbc02768f2aacedf4a1e87834df9f.jpg,640,640,notebook,92,64,555,617
20251208_120150_jpg.rf.4a3d29c98e8e37b374dd5881728f42d4.jpg,640,640,Highlighter,26,230,605,437
20251208_115408_jpg.rf.d8032ba51866d44bbb13e6e7295c93ba.jpg,640,640,Pencil,19,226,637,335
20251208_132426_jpg.rf.3cd73065b1b10c905e38793c5ed3ae99.jpg,640,640,notebook,142,6,494,640
20251208_121922_jpg.rf.16b6ad7de23507b2c3c445a20ba56123.jpg,640,640,Sharpener,324,238,422,462
20251208_132542_jpg.rf.5e98b198be020cba208c47692be6dab0.jpg,640,640,notebook,53,9,553,615
20251208_122047_jpg.rf.6c602935ef16b7be5384157c411b8ce0.jpg,640,640,pen,198,19,381,640
20251208_115756_jpg.rf.566f6d04754e191eb86e530e82c8d503.jpg,640,640,Pencil,257,13,349,628
20251208_131948_jpg.rf.72ac61c01126ec84e523c1a84c32f0a2.jpg,640,640,notebook,87,43,508,567
20251208_120622_jpg.rf.b75dfded657d6fb598d0e6e7dd883395.jpg,640,640,pen,26,189,618,353
20251208_141052_jpg.rf.d7dd34e89a8a02bb5ca2d3034f7cf4f0.jpg,640,640,Ruler,35,119,607,313
20251208_115621_jpg.rf.ec2ead86dce777d0fe45dd9ce6c815ec.jpg,640,640,Pencil,296,25,334,636
20251208_120821_jpg.rf.945cb2d184a06edacfa03f1fa72767d2.jpg,640,640,Eraser,292,206,426,467
20251208_115731_jpg.rf.51f2931e0eeb5f9e74ea67990898ae6f.jpg,640,640,Pencil,14,231,619,311
20251208_131702_jpg.rf.cffd14c37ec4b77f3ef702a90eae3518.jpg,640,640,notebook,130,101,486,578
20251208_134549_jpg.rf.3383bc163339494a67cc42522504da46.jpg,640,640,Highlighter,100,200,542,365
20251208_131726_jpg.rf.a9bb7aa6c8b8dee45c39c60fc9f10287.jpg,640,640,notebook,175,0,467,611
20251208_135011_jpg.rf.b2499f4b61c64df81be0cdd50228f5c3.jpg,640,640,Compass,41,176,616,505
20251208_135443_jpg.rf.e63331137a9f2468a64653658437fbd3.jpg,640,640,Pencil,33,182,640,281
20251208_132333_jpg.rf.e0e0b548c44c73e7e71915ba4544d21b.jpg,640,640,notebook,75,0,566,622
20251208_135325_jpg.rf.33d5c9f9c417a345a812fad95b7011cb.jpg,640,640,pen,241,17,420,616
20251208_121855_jpg.rf.3d5395cfc0ef43b5f8be76333b7484da.jpg,640,640,Pencil,19,267,633,494
20251208_141225_jpg.rf.45126d5b90b034adf25fd4be2be2e127.jpg,640,640,Pencil,52,264,635,334
20251208_140949_jpg.rf.30a98c1527d5cf385f5f862126935750.jpg,640,640,Whiteboard marker,338,2,398,622
20251208_115217_jpg.rf.66a7c20eea7856054d340f2750432242.jpg,640,640,Whiteboard marker,239,0,337,639
20251208_115547_jpg.rf.73584d83998393597a9dd76a324237ff.jpg,640,640,Pencil,27,321,634,378
20251208_135448_jpg.rf.7f710a52c68be01ccb82f5effafccf55.jpg,640,640,Pencil,290,7,313,621
20251208_124427_jpg.rf.675cf2e12d41c5abe22d7072b232a3d9.jpg,640,640,Pencil,325,98,347,546
20251208_124051_jpg.rf.207766f83051839dd48a79b06c65ede7.jpg,640,640,pen,245,1,283,633
20251208_105148_jpg.rf.0bac8db03fffbc3dd0fbee4b2cf24b48.jpg,640,640,pen,0,162,634,415
20251208_135552_jpg.rf.60eb801ecb3597ee67a94fa6c88787ab.jpg,640,640,pen,246,26,353,629
20251208_135750_jpg.rf.922582ae6322f1619f46221bd101f238.jpg,640,640,Pencil,46,246,606,310
20251208_141115_jpg.rf.1675149740d445f17eb35fe57cb37076.jpg,640,640,Compass,213,13,436,599
20251208_121951_jpg.rf.ad74b6cd3a708b55cb9f6d15bfd1d66e.jpg,640,640,Pencil,45,241,582,299
20251208_124411_jpg.rf.0e4efda55b2328ed145aacb9957f1e94.jpg,640,640,Pencil,305,81,386,543
20251208_132101_jpg.rf.9a14f60b5e225a7ac501ef501169b9de.jpg,640,640,notebook,147,24,499,640
20251208_141126_jpg.rf.a9823f972f1fdda55bf5078999161ecb.jpg,640,640,Compass,239,38,349,640
20251208_111627_jpg.rf.080b4695b8dcc663491bd286343f59ff.jpg,640,640,pen,7,242,623,350
20251208_120528_jpg.rf.3a9f06ff5171c35368e93bab1ce11d60.jpg,640,640,pen,60,227,628,416
20251208_140957_jpg.rf.66f0f59c2b65411e601e2246c5851273.jpg,640,640,pen,17,189,602,340
20251208_115814_jpg.rf.9ab56c8d99e9ee95066afc88c772d6e0.jpg,640,640,Pencil,224,33,358,640
20251208_115557_jpg.rf.3f901b089622354fe91160372bae00fd.jpg,640,640,Pencil,307,0,360,639
20251208_124632_jpg.rf.802dbb0a05739712162d0bcc94e4645c.jpg,640,640,Sharpener,310,257,404,390
20251208_121023_jpg.rf.5677b6c6ab9073b8441a5dadaf686f5a.jpg,640,640,Highlighter,70,178,483,421
20251208_120338_jpg.rf.5bab068100eb1e7244ac9bdd2409d619.jpg,640,640,pen,234,5,312,640
20251208_122042_jpg.rf.4a018ad6fe501a750d0b594a1d5e4c94.jpg,640,640,pen,81,301,588,421
20251208_124411_jpg.rf.3f25283d03ca11936ba8334181d4fa2f.jpg,640,640,Pencil,280,78,313,541
20251208_135314_jpg.rf.4c252df82f91a6f18d490ef8be0bbdf4.jpg,640,640,pen,50,189,601,384
20251208_132617_jpg.rf.768c05638a019f9c75a020de19589525.jpg,640,640,notebook,207,25,470,609
20251208_124421_jpg.rf.10d414d2aa2732a16d4e6146cae9283b.jpg,640,640,Pencil,209,241,467,351
20251208_124632_jpg.rf.018272c4c65581dc4cf80632dd6b3447.jpg,640,640,Sharpener,309,256,405,391
20251208_132238_jpg.rf.0414b5042cd73a78725e199714123e7e.jpg,640,640,notebook,153,51,531,617
20251208_121313_jpg.rf.155f4efa70a3a4250c2c0640f31fd983.jpg,640,640,pen,46,272,639,391
20251208_110809_jpg.rf.feb27a0fa0faaf6176cfeddff2af6e07.jpg,640,640,pen,0,295,628,443
20251208_122027_jpg.rf.026df99199c4eceda9a44ed6dcb80e5c.jpg,640,640,pen,315,18,338,631
20251208_132052_jpg.rf.c4a73809b174f5c623263d5a1133be17.jpg,640,640,notebook,142,7,512,633
20251208_135149_jpg.rf.b3c838f66d43aba4298468e7410798e1.jpg,640,640,Sharpener,267,228,362,394
20251208_115337_jpg.rf.f3397af33daa9da743ce55519a8c5758.jpg,640,640,Highlighter,37,307,589,520
20251208_124343_jpg.rf.7b0a46188f1a448ba38e0f68dc998ddb.jpg,640,640,Pencil,218,14,340,594
20251208_115557_jpg.rf.0089a496074e6b6977b0eff25025103d.jpg,640,640,Pencil,324,0,344,640
20251208_124010_jpg.rf.2d772d199e5319d452b2d825c84fb9c9.jpg,640,640,pen,31,222,640,422
20251208_111603_jpg.rf.1697f4a8c6c7108b93813def66ecac42.jpg,640,640,Pencil,15,190,640,374
20251208_132556_jpg.rf.012d6a153bd0497670fae98f82da7cd9.jpg,640,640,notebook,72,30,528,604
20251208_141047_jpg.rf.53c0659cbfb5c2c882de4ab4db65f85c.jpg,640,640,Ruler,253,10,309,631
20251208_132101_jpg.rf.50811d0f6204541fe69af92851d176c5.jpg,640,640,notebook,135,22,497,640
20251208_124329_jpg.rf.13a83e4ce52d0c0712938239e64d4d87.jpg,640,640,Pencil,289,34,396,637
20251208_134604_jpg.rf.157c294239d296f1c5ec19c5052a0724.jpg,640,640,Highlighter,278,16,324,601
20251208_120459_jpg.rf.86884b6f574831d00f2d1162292a2284.jpg,640,640,pen,5,185,621,370
20251208_115236_jpg.rf.fe3c84a34a0f74c69a489ed4a64c39a9.jpg,640,640,Whiteboard marker,15,142,640,428
20251208_111627_jpg.rf.548d45112a6ff68b77877f96179876ff.jpg,640,640,pen,8,174,632,417
20251208_134954_jpg.rf.fcff24d96cf8abd22a9f0edad5d7559e.jpg,640,640,Highlighter,52,201,613,405
20251208_132537_jpg.rf.f9873f665f1c03f05ebaf0c25767d660.jpg,640,640,notebook,143,0,532,624
20251208_141232_jpg.rf.4dd044fdb81afa2078a92b357e1cc966.jpg,640,640,Pencil,9,219,613,322
20251208_121951_jpg.rf.dda167a5179eedff07753aa067cf8b4e.jpg,640,640,Pencil,57,186,590,354
20251208_134829_jpg.rf.483e0728290b11d8bbf62e0adf09447a.jpg,640,640,Highlighter,206,20,343,640
20251208_131525_jpg.rf.50767b859ffd1949497f9705bdc43710.jpg,640,640,notebook,138,23,492,640
20251208_141013_jpg.rf.d2e95e883bb6db301bff01e987a47364.jpg,640,640,Pencil,300,45,428,555
20251208_105126_jpg.rf.6bdb092ac7cd3c786d19f8ee5fced78f.jpg,640,640,pen,0,280,620,482
20251208_124607_jpg.rf.2144503dc1b1dc00098bf6570d2f50eb.jpg,640,640,Pencil,376,132,410,564
20251208_135113_jpg.rf.1d4d72ca5e65399f968f92cfe421b76a.jpg,640,640,Eraser,213,149,382,475
20251208_121234_jpg.rf.f817cc75f4d1becb6381f402788d9cbf.jpg,640,640,Eraser,254,183,365,434
20251208_120805_jpg.rf.75b654061ad08ca02355d122d274973f.jpg,640,640,Sharpener,285,194,461,470
20251208_135404_jpg.rf.0242d43ae7dcbaab312b925e3b6e3384.jpg,640,640,Pencil,43,157,619,348
20251208_132319_jpg.rf.58379b5ae98f8edeaff67dd62e6dd1a7.jpg,640,640,notebook,79,6,516,601
20251208_132537_jpg.rf.1e61c06d8b31022e9952bd3696711639.jpg,640,640,notebook,169,0,442,603
20251208_120150_jpg.rf.9795a7b9c2dc124610339d09b6cd6392.jpg,640,640,Highlighter,19,206,614,463
20251208_132605_jpg.rf.84d6f384fda031b7a3de7eedb4f550f9.jpg,640,640,notebook,200,44,463,622
20251208_111612_jpg.rf.bdb1346d64c0039a156955572d7d4739.jpg,640,640,pen,0,197,633,435
20251208_115344_jpg.rf.9331277316667a5f04de8f5ba1aef99a.jpg,640,640,Highlighter,254,11,340,632
20251208_110316_jpg.rf.fb16ef6d0f0f2c064c1798201ccf6526.jpg,640,640,pen,0,131,633,324
20251208_141232_jpg.rf.206f42f2019272954536e920a0a7737a.jpg,640,640,Pencil,15,213,620,326
20251208_131344_jpg.rf.73489a6279c12d3602951fa35643dd25.jpg,640,640,notebook,73,12,540,624
20251208_115703_jpg.rf.40d746414254b9da909462ed2d944315.jpg,640,640,Pencil,17,230,626,282
20251208_132015_jpg.rf.26d1d7ce0252bc57f84336287c7f725a.jpg,640,640,notebook,206,33,444,614
20251208_135231_jpg.rf.8a0bca1a6276787cdae0eb8d140cf311.jpg,640,640,Highlighter,305,14,343,586
20251208_132530_jpg.rf.28cea1a06953d765106fcf91ec329f3d.jpg,640,640,notebook,135,40,546,602
20251208_140845_jpg.rf.8e21d485530c41cb2c2776bc1c8e59bc.jpg,640,640,Pencil,367,17,402,606
20251208_141108_jpg.rf.fcfc213ba3ac649a2e71bd9e54e2a7ec.jpg,640,640,Ruler,286,6,346,640
20251208_124356_jpg.rf.fa4e801baecbe982b7928061ddb96192.jpg,640,640,Pencil,279,175,373,526
20251208_120406_jpg.rf.bd412a90dfa5a88ebfbfcea8c8365619.jpg,640,640,pen,31,282,600,365
20251208_135456_jpg.rf.24f091a2c1a442e66fa488f771f2a2ad.jpg,640,640,Pencil,20,189,640,385
20251208_121743_jpg.rf.b961896e6361196e3ccd117008be04af.jpg,640,640,pen,258,6,381,635
20251208_111612_jpg.rf.d641c12900914a6988dfa1b980b7978a.jpg,640,640,pen,0,252,634,383
20251208_125210_jpg.rf.7559210c8586fa62f7c454e2d0063948.jpg,640,640,notebook,79,25,541,622
20251208_135120_jpg.rf.e617a1dec9d0a528c3738b861019a518.jpg,640,640,Eraser,192,219,413,459
20251208_140801_jpg.rf.5515b8c2a076d24576f3b3cd574b17fd.jpg,640,640,Whiteboard marker,21,157,639,410
20251208_134549_jpg.rf.7496efc2432c1ee8db7ed182e2ae94e7.jpg,640,640,Highlighter,88,228,529,342
20251208_124234_jpg.rf.cc8b9ed3854546ec5d38a3f1d1e6e740.jpg,640,640,Pencil,283,144,353,521
20251208_132617_jpg.rf.858e55ed5be675dd9481aa9ea37243da.jpg,640,640,notebook,100,0,506,629
20251208_132426_jpg.rf.01d1802a054cd79340bca230c1fff5eb.jpg,640,640,notebook,152,8,484,640
20251208_124541_jpg.rf.7a5edb08dcd75eb37e0382b4a85d8361.jpg,640,640,Pencil,328,131,352,596
20251208_121345_jpg.rf.6008f83dfcfa2e65e54a2949b9eefa70.jpg,640,640,pen,76,302,550,392
20251208_132354_jpg.rf.c96e27da36211b1243cf18fe0b255031.jpg,640,640,notebook,127,9,468,626
20251208_135702_jpg.rf.a9b15438128cf9304a54b04aa284fbc7.jpg,640,640,pen,15,165,598,370
20251208_131734_jpg.rf.c033f9ac2e1397a695de71ab5658b9e4.jpg,640,640,notebook,70,2,576,640
20251208_105126_jpg.rf.4cb3e39fabe23d2d6ba4112462115d8b.jpg,640,640,pen,10,319,640,446
20251208_120528_jpg.rf.c51208ea94366e5cd581b97f0dea35c1.jpg,640,640,pen,13,206,580,441
20251208_122006_jpg.rf.88662036ad7011ac8f442a89338124fe.jpg,640,640,pen,109,229,527,369
20251208_135702_jpg.rf.7edc310795033c009891d1e275931090.jpg,640,640,pen,42,160,625,374
20251208_135047_jpg.rf.d198cef3f3b7d8f67768a121ab638377.jpg,640,640,Compass,210,24,400,634
20251208_135018_jpg.rf.48d6bbc58a155212a5ef9a641ba7b239.jpg,640,640,Compass,279,11,406,615
20251208_140822_jpg.rf.fc254d03bfbd188d12329c3c632ee01b.jpg,640,640,Whiteboard marker,213,0,345,614
20251208_132611_jpg.rf.e73e0d5a0dad273e740bae4270084c71.jpg,640,640,notebook,146,59,509,584
20251208_121743_jpg.rf.f0acf5b31a262856a3b21e0406e8f679.jpg,640,640,pen,303,5,339,636
20251208_134858_jpg.rf.a091f88048d5c7dd07460d691002d031.jpg,640,640,Highlighter,205,30,334,627
20251208_135404_jpg.rf.dc17f464e9872cb42ce8d242d32d5f3c.jpg,640,640,Pencil,57,230,637,283
20251208_124317_jpg.rf.792dda0a86137fb8dc7c8156cff1ae9d.jpg,640,640,Pencil,266,45,343,576
20251208_141246_jpg.rf.32ba0342945bd7e811cc915dacc7290e.jpg,640,640,Pencil,48,177,613,346
20251208_141123_jpg.rf.ca7f167279530f4e08b10e2a66aaf711.jpg,640,640,Compass,160,193,544,373
20251208_120311_jpg.rf.b6a5b0959b1383ab90cd45121b1d66c7.jpg,640,640,pen,62,300,621,396
20251208_121128_jpg.rf.b1dbeaba0cfb57e9132c72427761e083.jpg,640,640,Highlighter,312,19,419,585
20251208_134604_jpg.rf.b4b1c507d4070e299d54eeef7b03f6d7.jpg,640,640,Highlighter,321,16,357,600
20251208_120821_jpg.rf.bacf66f7385686754df1954567cc0fc8.jpg,640,640,Eraser,276,220,422,483
20251208_132354_jpg.rf.8d8ddb252493848c409011283364f8b0.jpg,640,640,notebook,216,22,469,606
20251208_135144_jpg.rf.4c9a61eb55796fa2847fd1ae0a7617fb.jpg,640,640,Sharpener,311,251,421,403
20251208_124303_jpg.rf.a554b5352a0c07473fe1a1cc9c2d70db.jpg,640,640,Pencil,330,77,361,585
20251208_131708_jpg.rf.f7f24e6db3afc5e80d51f02991fb43a1.jpg,640,640,notebook,152,20,469,638
20251208_105117_jpg.rf.25022ab1bcf03e41c0a7f99d362331f8.jpg,640,640,pen,7,303,635,373
20251208_124051_jpg.rf.280a7acf003825a7a260c3da3fdf1082.jpg,640,640,pen,363,2,389,634
20251208_141246_jpg.rf.d1de9bd11e815ecdd9271e3004fb12ba.jpg,640,640,Pencil,56,213,618,315
20251208_110316_jpg.rf.33b9f1bed6fa1e0c9b9491aa7dc2fcfe.jpg,640,640,pen,1,158,640,296
20251208_141201_jpg.rf.2c1192a3e19dbeb196bf22be91949272.jpg,640,640,Sharpener,320,259,405,468
20251208_135523_jpg.rf.2f5b2fc747843e15af5787a55157d7e7.jpg,640,640,pen,51,225,595,303
20251208_124247_jpg.rf.4359aad7aaa432759770bccc7765feeb.jpg,640,640,Pencil,340,2,377,640
20251208_141314_jpg.rf.d4c16f7ad184c84a765f100d0235a888.jpg,640,640,Pencil,41,292,626,347
20251208_124110_jpg.rf.49a819b0647e99e337e6abf29908989b.jpg,640,640,pen,326,1,354,630
20251208_115749_jpg.rf.04f9d86eaa5e821f27d7dd7099da2d73.jpg,640,640,Pencil,58,200,570,389
20251208_124343_jpg.rf.eaa1d93aea72c5442ff517e68b1fcd0f.jpg,640,640,Pencil,343,7,374,589
20251208_135149_jpg.rf.bdcfaf7b58a2534fb147b41c67116dac.jpg,640,640,Sharpener,271,227,366,393
20251208_124303_jpg.rf.e49b9acf8c20466b9ca22002590c0a9b.jpg,640,640,Pencil,242,82,352,588
20251208_132052_jpg.rf.2666af2bb8b39f2f3a57c0e3b0cf48df.jpg,640,640,notebook,142,7,512,633
20251208_131617_jpg.rf.d9cc8d5b37f3af19220cf0846e78b4ef.jpg,640,640,notebook,95,48,505,574
20251208_120311_jpg.rf.774cf9dee427d6884a603bfdc5e5038b.jpg,640,640,pen,12,259,579,431
20251208_121918_jpg.rf.0db0402987a85a68ce0b1722e208208a.jpg,640,640,Sharpener,272,261,408,435
20251208_135456_jpg.rf.6ed4bea9d4f339c4230bfeb57509da8f.jpg,640,640,Pencil,12,203,636,368
20251208_115814_jpg.rf.a535ea478e4ee1a07b5a401d9d34b4cb.jpg,640,640,Pencil,343,23,360,640
20251208_135805_jpg.rf.e5b8ef5b63d92b85e279ab25534a899d.jpg,640,640,pen,26,205,624,306
20251208_115437_jpg.rf.603748bdede777830f4d4ef67db2d2ff.jpg,640,640,pen,27,304,629,460
20251208_124537_jpg.rf.39efa2090987f8bab39d29bae7544585.jpg,640,640,Pencil,224,290,469,334
20251208_105228_jpg.rf.7750431341865e704e99cdbc098b0647.jpg,640,640,pen,0,286,633,390
20251208_115606_jpg.rf.1df63472f83fc986e1ba975669867f16.jpg,640,640,Pencil,25,225,631,424
20251208_135816_jpg.rf.1e20c91dc56ed7c4b5c0df254307435d.jpg,640,640,pen,26,275,630,367
20251208_141211_jpg.rf.1a9bbfaea72a3da212ba78ed0778d125.jpg,640,640,Sharpener,337,205,429,411
20251208_124317_jpg.rf.b58e35d75e542f001de02879da6e4426.jpg,640,640,Pencil,274,46,397,573
20251208_132411_jpg.rf.15b0c651c409192849b0692d00f673af.jpg,640,640,notebook,196,0,489,620
20251208_124421_jpg.rf.22041f45e6528156e78accf6b2658edc.jpg,640,640,Pencil,217,276,470,326
20251208_111603_jpg.rf.c10bc890a36498e6594ad44020849b5d.jpg,640,640,Pencil,9,237,640,324
20251208_110153_jpg.rf.cb32a81f2ef27325f169516d101a6b19.jpg,640,640,Eraser,156,183,435,473
20251208_124103_jpg.rf.6cdfa8c1110fedb426bb65cc119474a5.jpg,640,640,pen,59,241,584,327
20251208_134829_jpg.rf.dcd54c27288ac3f6034bdb762d084f1d.jpg,640,640,Highlighter,330,17,403,637
20251208_140851_jpg.rf.c5863bcb8ce06dab9e99c41a411cb3af.jpg,640,640,Pencil,22,161,610,370
20251208_135120_jpg.rf.abefdc4da4048e23e7a3e80cf18a8153.jpg,640,640,Eraser,208,230,389,436
20251208_121918_jpg.rf.bd6e196173e8ffeeddd4d9ba55e3fc63.jpg,640,640,Sharpener,243,269,366,433
20251208_132101_jpg.rf.f23e999798d3b7be3197b7b029ddde50.jpg,640,640,notebook,194,42,446,639
20251208_121104_jpg.rf.ea7b465c598bf280905344bb2d416605.jpg,640,640,Ruler,327,6,381,640
20251208_134549_jpg.rf.e6a4c39be75d3e42846f18135023d7a5.jpg,640,640,Highlighter,111,245,547,322
20251208_124323_jpg.rf.e03ec8c5d8bea933cbf41c0aca55e610.jpg,640,640,Pencil,98,229,565,307
20251208_120207_jpg.rf.4d42f7e433001d6bcd73e4b12d038ea4.jpg,640,640,Highlighter,293,0,425,597
20251208_124021_jpg.rf.5c05b7f411c01050c41ac2571d6cb4ff.jpg,640,640,pen,308,0,344,638
20251208_131726_jpg.rf.29ee24bee743010ab919ad6e27311e19.jpg,640,640,notebook,189,6,450,605
20251208_131501_jpg.rf.736b43e20a3e00df474e8ecde42fd45b.jpg,640,640,notebook,190,8,421,610
20251208_141304_jpg.rf.34424dc2eff4e1b05cc0d7fe2832f4ce.jpg,640,640,Pencil,30,290,602,368
20251208_115646_jpg.rf.c799a5c44b01d09b1b6eec0c559a7115.jpg,640,640,Pencil,25,298,640,501
20251208_135109_jpg.rf.6dbe7d5cc691ad59e9eba4957cef4015.jpg,640,640,Eraser,304,223,438,383
20251208_135612_jpg.rf.db441757e830c61e500cce00c849e985.jpg,640,640,pen,34,231,609,321
20251208_131811_jpg.rf.7c956d1d85a45dc64784d4fb242ccd3d.jpg,640,640,notebook,146,4,471,640
20251208_135051_jpg.rf.fb25e42d3ecfcb3377fdb2d139a87249.jpg,640,640,Compass,53,190,502,510
20251208_135552_jpg.rf.ff1bbe3b82af191331c1c810e317506d.jpg,640,640,pen,331,21,354,627
20251208_115719_jpg.rf.c4f539f342fd9be745a2576bc2afc7b9.jpg,640,640,Pencil,243,15,318,640
20251208_135334_jpg.rf.0b1510617b675adcf0e1fd46993e855e.jpg,640,640,Pencil,123,298,560,355
20251208_135435_jpg.rf.d5c095eddd9c7e8e85ad37a0c3d62144.jpg,640,640,Pencil,311,8,348,627
20251208_122022_jpg.rf.86f7024b9b0fe98c104480131b75f989.jpg,640,640,pen,108,279,555,347
20251208_134808_jpg.rf.d350c07c2f9a6a2ce9b6643ab3be74f1.jpg,640,640,Highlighter,301,24,355,640
20251208_132523_jpg.rf.b912eb3f11036c0c061d23434e81ed86.jpg,640,640,notebook,98,0,483,640
20251208_131609_jpg.rf.b8fbab6354b75e64d9ebd847d0085c3b.jpg,640,640,notebook,152,7,478,640
20251208_115828_jpg.rf.3b8798e26bad59886dcca886317512bd.jpg,640,640,Pencil,289,25,382,640
20251208_120603_jpg.rf.589341fab986fdb9128301deb9668545.jpg,640,640,pen,342,8,372,616
20251208_135023_jpg.rf.adc8387961b7fb12744b32f6ca78f467.jpg,640,640,Compass,102,190,577,467
20251208_135750_jpg.rf.80b55bd4ec43f74ae18659abb8bf89d1.jpg,640,640,Pencil,42,226,605,329
20251208_110042_jpg.rf.b32f3ad4821b75e4cb92565bffc263a6.jpg,640,640,Highlighter,10,252,626,460
20251208_135625_jpg.rf.a91659b0dc262febbcbd24ed46edf793.jpg,640,640,pen,44,245,596,343
20251208_141219_jpg.rf.2546352856730a61e65251c4aa07c23a.jpg,640,640,Pencil,279,9,382,637
20251208_110802_jpg.rf.3d2614602fa724581639f54e01af40c0.jpg,640,640,pen,2,200,640,491
20251208_121056_jpg.rf.bf146973fafd8112aedaee8f369f107c.jpg,640,640,Ruler,9,206,629,439
20251208_141130_jpg.rf.0bb48a732ed9e9807df4dfda9bb00100.jpg,640,640,Compass,209,1,329,600
20251208_135047_jpg.rf.b3a1f8d953e4c507784d5f2debb8fd47.jpg,640,640,Compass,245,27,363,627
20251208_121123_jpg.rf.e833a97fecaf3076d691da23fff39c82.jpg,640,640,Highlighter,149,224,503,393
20251208_110809_jpg.rf.b34a4f2596a09a3b87e33b9584acf8a5.jpg,640,640,pen,2,301,629,438
20251208_105148_jpg.rf.70756ed99c0d7b5c20e214beb48308d2.jpg,640,640,pen,3,231,640,344
20251208_135417_jpg.rf.e77f57c83e82a5ca3eb3c3855e3cbbdf.jpg,640,640,Pencil,39,187,555,356
20251208_134853_jpg.rf.90d8b1caf8710bbbd747fd887d066520.jpg,640,640,Highlighter,87,126,595,306
20251208_115307_jpg.rf.133f05993609e84a928fc165b01c028b.jpg,640,640,Highlighter,36,249,631,426
20251208_115307_jpg.rf.7e3e03bcd4082aacef3a1d5c46910db8.jpg,640,640,Highlighter,25,215,638,463
20251208_132248_jpg.rf.a0c9863041aa0c15b7e4496095dfb7d3.jpg,640,640,notebook,106,0,534,639
20251208_134853_jpg.rf.a09bad11940f89fbd912b42593aadd02.jpg,640,640,Highlighter,11,132,520,328
20251208_140851_jpg.rf.539ba5b0c73f59f608b0bd2b5b635065.jpg,640,640,Pencil,17,217,604,316
20251208_141219_jpg.rf.f0e25dbed03b568633f74e99c5b0f65d.jpg,640,640,Pencil,275,9,345,640
20251208_105159_jpg.rf.a5cebd00e21858fd39f8abd1b965593f.jpg,640,640,pen,610,198,613,209
20251208_105159_jpg.rf.a5cebd00e21858fd39f8abd1b965593f.jpg,640,640,pen,0,202,640,446
20251208_141203_jpg.rf.9b31d5c400803d0350ccfa17c729791e.jpg,640,640,Sharpener,292,259,404,400
20251208_141047_jpg.rf.18819183c6416c064cb39699b4960c2f.jpg,640,640,Ruler,293,14,424,637
20251208_140929_jpg.rf.e1d15d7e05e31f01d5b96ce95128d051.jpg,640,640,Whiteboard marker,32,186,604,365
20251208_135300_jpg.rf.2050d90e484a36b1d21077ac41ea2902.jpg,640,640,Pencil,86,309,492,431
20251208_131353_jpg.rf.d94bfb81aee1560579f2510cc7391318.jpg,640,640,notebook,158,0,461,640
20251208_141126_jpg.rf.6861f19ee50ea626d87ad4aa26190e93.jpg,640,640,Compass,248,29,451,637
20251208_121751_jpg.rf.599465116ed3198632695381e03f7d27.jpg,640,640,pen,12,229,638,352
20251208_120630_jpg.rf.e6bdd5bb37b30e5fb3d5945e54024eea.jpg,640,640,pen,302,9,401,636
20251208_141102_jpg.rf.e1a7d885e2df120e7e6f4164d9ff6410.jpg,640,640,Ruler,26,120,634,378
20251208_141304_jpg.rf.a6cb902e258a7ef23a28fe7f73f23955.jpg,640,640,Pencil,37,270,613,387
20251208_124615_jpg.rf.26082e5358bff0d675f16a8b48c7413c.jpg,640,640,Pencil,213,275,469,361
20251208_135630_jpg.rf.75a96b5fb2d49e1d8430f0a8081310bb.jpg,640,640,pen,269,14,355,624
20251208_135541_jpg.rf.c11ba0da1b2d2e62a714d379146b2402.jpg,640,640,pen,320,30,343,640
20251208_131850_jpg.rf.9985e09b71366e592bc9d965e920b77c.jpg,640,640,notebook,89,50,538,606
20251208_140801_jpg.rf.1e63470bd753482e0e00a1fbffa1ebad.jpg,640,640,Whiteboard marker,17,132,636,434
20251208_132530_jpg.rf.79fd5ed08f45cd8c3025e51d1ec7431c.jpg,640,640,notebook,107,22,574,624
20251208_121855_jpg.rf.6159c12fcc31408cb92865a4fc876326.jpg,640,640,Pencil,2,328,617,431
20251208_120406_jpg.rf.a77d3f31b56f36ab8d2fabac8dca49a4.jpg,640,640,pen,30,277,600,370
20251208_135649_jpg.rf.5f7d92a445540689778161813a4e40b5.jpg,640,640,Pencil,20,285,604,345
20251208_140845_jpg.rf.4c44134c7b6eb412bbfa151fca373d85.jpg,640,640,Pencil,330,10,436,598
20251208_141211_jpg.rf.87b131e1787d19a9f7525f95ac935e95.jpg,640,640,Sharpener,195,182,330,402
20251208_131540_jpg.rf.65b770c3f801e11e163960c6caac57d8.jpg,640,640,notebook,80,0,577,640
20251208_120439_jpg.rf.375301065d66b4b653addb87e24bb97a.jpg,640,640,Pencil,11,318,624,399
20251208_121922_jpg.rf.09307c1a329053570bab1c9afee2fda8.jpg,640,640,Sharpener,317,230,434,462
20251208_122047_jpg.rf.9b947f497ab538ea41b83fa4316be391.jpg,640,640,pen,246,8,332,640
20251208_124541_jpg.rf.ad5f15332d95ad40169d2f6968ee1b48.jpg,640,640,Pencil,295,134,375,598
20251208_141108_jpg.rf.3820d1eff0d88f4637925a0ff76d1dae.jpg,640,640,Ruler,221,7,412,640
20251208_115814_jpg.rf.2545b2c6bd298601d709e2b643a93d6e.jpg,640,640,Pencil,244,28,336,640
20251208_141137_jpg.rf.d70e098e5e81d10e660774618306daed.jpg,640,640,Eraser,221,181,363,325
20251208_141140_jpg.rf.f0b5302eda03f25e91e391e3fc5c1c9d.jpg,640,640,Eraser,244,237,352,465
20251208_120622_jpg.rf.793f393923fde418d762ffd357faaa26.jpg,640,640,pen,27,179,620,363
20251208_121023_jpg.rf.05d960e91044ac367e95fee4a12eb0e6.jpg,640,640,Highlighter,161,197,560,391
20251208_140845_jpg.rf.b8b951b3edb9a796ac2989802ec878a1.jpg,640,640,Pencil,312,32,459,616
20251208_132433_jpg.rf.bb9bbed4177efa14facfa4100842058f.jpg,640,640,notebook,107,49,534,598
20251208_135321_jpg.rf.908a59ccf60cc338e24b480e2e6ff111.jpg,640,640,pen,305,58,337,640
20251208_115823_jpg.rf.61738cf12d007a43f88fb1bf42f56558.jpg,640,640,Pencil,35,266,613,403
20251208_105117_jpg.rf.45bfcad7f5112a79b75eb1c1f502450a.jpg,640,640,pen,5,303,633,373
20251208_141123_jpg.rf.80119127a896e07e16fd0fc10738c6b6.jpg,640,640,Compass,144,164,549,395
20251208_115621_jpg.rf.a7a8354a1b60d2dadd0d5301666ce49d.jpg,640,640,Pencil,297,25,335,636
20251208_124150_jpg.rf.0580ee51ddf1333cd566265349405f73.jpg,640,640,pen,286,0,407,618
20251208_134824_jpg.rf.b9f5692efc2f3166b4ea142f44ec1ba0.jpg,640,640,Highlighter,72,181,597,407
20251208_115236_jpg.rf.ecb9a5a803a3aad3866e95e3f5fd14e3.jpg,640,640,Whiteboard marker,8,165,637,401
20251208_125210_jpg.rf.b507f8bd7d87e393677f371c2e30c1ee.jpg,640,640,notebook,50,3,571,640
20251208_122022_jpg.rf.bf3938125ddc6c161482d09d97382036.jpg,640,640,pen,85,267,535,358
20251208_120534_jpg.rf.82764d59b0377795d98eb8b94769764c.jpg,640,640,pen,244,4,309,633
20251208_141203_jpg.rf.05f0e8a6b5881ee7c9574d2c2dd4f037.jpg,640,640,Sharpener,226,248,357,404
20251208_135709_jpg.rf.707ebe60f5b5cdca0ebe7860d5e8618d.jpg,640,640,pen,269,18,353,633
20251208_121345_jpg.rf.7d4e3f88481c86374b0c34569ae6a8e0.jpg,640,640,pen,71,281,551,412
20251208_131850_jpg.rf.97c4c5f841db41d3263fe30ba21ca492.jpg,640,640,notebook,109,57,542,601
20251208_131532_jpg.rf.7df4a57db30dcbc35827e451ac9282a4.jpg,640,640,notebook,189,0,509,640
20251208_120717_jpg.rf.b72563eafc7fda8f563ecbd59dd282d5.jpg,640,640,Correction pen,179,28,400,636
20251208_141225_jpg.rf.cffe13c57189a519a33b5d3f0a54a60b.jpg,640,640,Pencil,9,200,594,390
20251208_124234_jpg.rf.f44cfc278839d68dd23894148ded1cb2.jpg,640,640,Pencil,308,144,339,520
20251208_124150_jpg.rf.4fc9552895b1dfe4c4a034c311574235.jpg,640,640,pen,215,11,368,627
20251208_135123_jpg.rf.16cda28571de6199b098d3c22532fc7c.jpg,640,640,Eraser,233,150,362,474
20251208_121117_jpg.rf.30b76f82d8b7475ea55d0ebee1934aa0.jpg,640,640,Highlighter,133,203,566,421
20251208_132556_jpg.rf.026a12a65a602bfa851e0bd14ee74e39.jpg,640,640,notebook,104,29,577,615
20251208_131609_jpg.rf.a20da960bf8e84746be9e7da2a5b4069.jpg,640,640,notebook,140,0,515,640
20251208_135350_jpg.rf.41270534d0c86d5f2b5b8c2990b3ca11.jpg,640,640,Pencil,60,268,630,310
20251208_105332_jpg.rf.56ec54add8aa30ad9faf048c890b7208.jpg,640,640,Correction pen,0,131,640,387
20251208_135404_jpg.rf.91f8bdbd8314335768b7652c69a988ae.jpg,640,640,Pencil,4,219,586,292
20251208_135113_jpg.rf.89704e2eeb3e221d6f1971bd4fe91d9d.jpg,640,640,Eraser,261,143,415,466
20251208_131726_jpg.rf.015c8ef65b86f720fb77687824957b3b.jpg,640,640,notebook,120,0,527,629
20251208_110735_jpg.rf.bd3fa7f650f16348acdc7d1e35c3ebe1.jpg,640,640,Correction pen,12,201,640,490
20251208_141108_jpg.rf.ab3fff3dcc438ae235d06ce54350bb55.jpg,640,640,Ruler,247,4,384,640
20251208_115703_jpg.rf.f0a9263d55d8394425704cb3d1f71ef7.jpg,640,640,Pencil,2,160,605,358
20251208_105236_jpg.rf.e0349542a795d14e8e5cc2b014d848d1.jpg,640,640,pen,0,220,624,453
20251208_135612_jpg.rf.38558f03ae79b3910673ace5facf189c.jpg,640,640,pen,19,174,600,381
20251208_134909_jpg.rf.b6a62c122b6f9f1b9df220fdd961cd11.jpg,640,640,Correction pen,52,167,622,383
20251208_121145_jpg.rf.d716f896784b236efa1a8b9363476052.jpg,640,640,Pencil,43,168,620,333
20251208_121104_jpg.rf.182468d589194ca00661f069bc328f63.jpg,640,640,Ruler,210,0,362,635
20251208_124427_jpg.rf.cbf0845295bbad23656cdb3e9f8e3e24.jpg,640,640,Pencil,301,100,370,548
20251208_125210_jpg.rf.1e40366961886a302fe226272fb6f6d4.jpg,640,640,notebook,56,0,605,640
20251208_121345_jpg.rf.d3e3de1cd962204f527dfc6a708fcf57.jpg,640,640,pen,90,272,571,419
20251208_135805_jpg.rf.ef0e6f0aa40efda22f81a2a42a01ddf8.jpg,640,640,pen,7,179,612,332
20251208_141304_jpg.rf.be5bff3d5a3f8856064b3d5ebc31d251.jpg,640,640,Pencil,28,222,601,435
20251208_124541_jpg.rf.c16fe58e38b8ce8f79f4bb579a9dfea2.jpg,640,640,Pencil,315,130,371,595
20251208_124110_jpg.rf.4362cdcf48a628963f013869807c58ef.jpg,640,640,pen,298,0,380,628
20251208_124323_jpg.rf.429abba850e7b1b9b90ad7156340b630.jpg,640,640,Pencil,97,225,565,311
20251208_135535_jpg.rf.ee6ea6ad81e25f6784c072bc5827f1c3.jpg,640,640,pen,52,233,590,426
20251208_141203_jpg.rf.2c65c2c320575d6ef8956fdc2beff5ef.jpg,640,640,Sharpener,230,257,356,409
20251208_105148_jpg.rf.0939fe3ad1d35e6b9e06767a063c6d41.jpg,640,640,pen,2,214,640,360
20251208_135805_jpg.rf.30115edde6e6232ec020d8d195f9fc37.jpg,640,640,pen,1,156,607,359
20251208_121306_jpg.rf.90b0f5364ab926fe3dbb794fb6306a69.jpg,640,640,pen,0,167,638,441
20251208_135816_jpg.rf.6e2c34c60cd8f1ceac47c4b8463cb187.jpg,640,640,pen,9,270,615,372
20251208_132344_jpg.rf.3b253e3edcb0ed0ebbbee01df6cec3db.jpg,640,640,notebook,150,10,523,640
20251208_135231_jpg.rf.88a0de842bc03d2509fdf937a910ebaa.jpg,640,640,Highlighter,250,16,377,587
20251208_121117_jpg.rf.c923b7ad302e46dd63ae5ed5a1136026.jpg,640,640,Highlighter,68,194,512,446
20251208_134834_jpg.rf.fc3158d8772cdf8635bc6ca1aabfa514.jpg,640,640,Highlighter,217,20,337,636
20251208_122057_jpg.rf.de0b9091b4bb6fc3f8140978bc115ffc.jpg,640,640,pen,269,32,347,640
20251208_131741_jpg.rf.a3943e63ad95bc174fe2cec40cc8fadb.jpg,640,640,notebook,189,14,451,623
20251208_124537_jpg.rf.39453cdbbc903855756dd864bc503efa.jpg,640,640,Pencil,171,285,418,338
20251208_131617_jpg.rf.2d1adca8a2630ea102de4ed86e0efa85.jpg,640,640,notebook,118,36,563,589
20251208_124620_jpg.rf.c26f91e327d3c2c4bbc095c7ced1514b.jpg,640,640,Pencil,272,83,316,544
20251208_140851_jpg.rf.cf543187b8111313a4db92beee693d1f.jpg,640,640,Pencil,36,227,621,306
20251208_135523_jpg.rf.20483a1268b72a1829a1fac96fcd8a91.jpg,640,640,pen,53,202,602,327
20251208_124537_jpg.rf.3af8fd23aa755c26c3e783fda37226f9.jpg,640,640,Pencil,168,277,417,355
20251208_141201_jpg.rf.d0f07f6d30bf7e07767c380d02ccc194.jpg,640,640,Sharpener,285,261,418,484
20251208_141314_jpg.rf.8135f171d6dd725b2690754782a7f581.jpg,640,640,Pencil,17,226,598,420
20251208_110042_jpg.rf.92b321fbe7dcf89d2a5df73353fca4ff.jpg,640,640,Highlighter,3,205,640,506
20251208_140750_jpg.rf.f12a603e6f5e8feeac55e6972b1c67b5.jpg,640,640,Whiteboard marker,267,12,353,628
20251208_134927_jpg.rf.b8666b932a6b4a6b64853fb816f1323c.jpg,640,640,Pencil,50,217,630,268
20251208_121751_jpg.rf.15f635c5af7f27c824b7838ffcdc1be1.jpg,640,640,pen,0,207,630,373
20251208_124337_jpg.rf.cfa8a43a80d65ca0c36849ade7047151.jpg,640,640,Pencil,161,228,537,328
20251208_135109_jpg.rf.bbbcc4faa90d3118c7152919d45328b6.jpg,640,640,Eraser,195,208,350,385
20251208_122042_jpg.rf.9e01235168cc01733d113e5c08c78e0d.jpg,640,640,pen,84,278,592,441
20251208_141115_jpg.rf.54cc4e2a376ecf26f451bd883628a66b.jpg,640,640,Compass,212,15,407,603
20251208_121827_jpg.rf.1801b0dd7699f33698d9f80e3315fa8c.jpg,640,640,pen,291,0,361,638
20251208_124247_jpg.rf.aa959183ea09fd9472dff10e31042d12.jpg,640,640,Pencil,272,13,441,640
20251208_115307_jpg.rf.733427feb811fa576a4e2eecfcf74406.jpg,640,640,Highlighter,7,244,605,431
20251208_115344_jpg.rf.5106cfc725ba122d7a72038bc7970a67.jpg,640,640,Highlighter,212,16,383,634
20251208_121808_jpg.rf.dc7ed3ac7d1e91477fc3aac7fa6b2c16.jpg,640,640,Highlighter,253,7,321,631
20251208_124716_jpg.rf.4b664d7664f4a1aff9529665c823357b.jpg,640,640,Eraser,224,175,343,411
20251208_122027_jpg.rf.c31061c2790637dfdc7cec72f648406e.jpg,640,640,pen,294,17,360,630
20251208_132319_jpg.rf.37204b0905a321c7d80971cc6d69104e.jpg,640,640,notebook,109,19,492,581
20251208_141201_jpg.rf.4ebe6f98434d062a56aa71860711b13d.jpg,640,640,Sharpener,228,259,338,477
20251208_131525_jpg.rf.254eb8eedd1b8f5f0ed97b7259337115.jpg,640,640,notebook,170,33,465,640
20251208_121104_jpg.rf.8c49a170acdf42ef4bbbb0430e9df603.jpg,640,640,Ruler,316,5,392,640
20251208_135743_jpg.rf.57e1c8651da9e87f14d47b211a9db6d3.jpg,640,640,pen,291,32,370,619
20251208_121751_jpg.rf.3456a245d26739282de21a320449b7f0.jpg,640,640,pen,4,196,640,384
20251208_132015_jpg.rf.39f21458250bc0fdc0595fd700bc002f.jpg,640,640,notebook,176,22,473,625
20251208_105117_jpg.rf.066bf6abfe01b6ee1f96cdffbcdfccf9.jpg,640,640,pen,7,265,639,411
20251208_120406_jpg.rf.b57f9a8431e54ec01e3522b5a850dbd9.jpg,640,640,pen,37,243,612,404
20251208_134915_jpg.rf.c4558f82544bcf658820a0209c3ff69c.jpg,640,640,Correction pen,338,0,394,618
20251208_135231_jpg.rf.ee865396acad40313e8fa7b369529a13.jpg,640,640,Highlighter,292,14,340,587
20251208_140957_jpg.rf.63a10eac569b263de1f9745cc4910815.jpg,640,640,pen,43,157,632,376
20251208_135528_jpg.rf.368bbcd971f32b5fdb7ebe5e555376b4.jpg,640,640,pen,268,19,332,631
20251208_135443_jpg.rf.c9117009e57889cb062b1d78d2883f33.jpg,640,640,Pencil,4,191,619,269
20251208_131626_jpg.rf.fdb7920801c6735a1598a1ff8c4e677e.jpg,640,640,notebook,137,6,472,640
20251208_115731_jpg.rf.7fe5a6f2fa684315bd5f4256df9cf1f5.jpg,640,640,Pencil,21,236,625,306
20251208_115547_jpg.rf.bbf51a566c2ff1d9112e798351611aad.jpg,640,640,Pencil,32,277,638,417
20251208_124356_jpg.rf.4f9184e050a19984f56f6620b0055b60.jpg,640,640,Pencil,280,173,344,526
20251208_110802_jpg.rf.7ad3ef0fe9aa0fc3dbeb22f2b15d9b64.jpg,640,640,pen,0,251,631,438
20251208_141130_jpg.rf.dd4296b8f2acf7a273f6c37931d37a2d.jpg,640,640,Compass,172,7,363,608
20251208_120330_jpg.rf.2f7e9ebc68879829c6edaf0a74213db5.jpg,640,640,pen,18,207,640,451
20251208_131344_jpg.rf.602539445de983ee2f89d39943972a60.jpg,640,640,notebook,106,16,562,620
20251208_124607_jpg.rf.2c4638d6a5449518fe82c381100804cf.jpg,640,640,Pencil,213,142,291,573
20251208_131626_jpg.rf.a7c9977bd2552df30d091860aef11fe0.jpg,640,640,notebook,206,18,467,635
20251208_134824_jpg.rf.b39f87517c844ae65808ec6cbc456a84.jpg,640,640,Highlighter,57,148,599,434
20251208_135535_jpg.rf.4077858ffcdc225aa0c96cba91e08222.jpg,640,640,pen,50,277,585,380
20251208_110153_jpg.rf.d935adb288a9b0ba8654e0ee6a71c54c.jpg,640,640,Eraser,181,165,506,500
20251208_141102_jpg.rf.fd7287490b3b7c084fe708ed256f1596.jpg,640,640,Ruler,11,134,616,363
20251208_135144_jpg.rf.6ffb4267e3ffc238205521a968e3aeb6.jpg,640,640,Sharpener,304,251,426,411
20251208_120459_jpg.rf.12de64c87299bbc317fd163a150c6eb0.jpg,640,640,pen,16,195,631,359
20251208_134954_jpg.rf.b81a39d3871f095914359c875a0e147f.jpg,640,640,Highlighter,27,256,583,357
20251208_135541_jpg.rf.48549132923bd69c60d755f07750d6e8.jpg,640,640,pen,280,30,335,640
20251208_124021_jpg.rf.552ce53aa31aae76ab544802b9b593b4.jpg,640,640,pen,226,8,426,633
20251208_141152_jpg.rf.587351fcd30f25faed6cd679e79dcb88.jpg,640,640,Eraser,254,255,416,418
20251208_134808_jpg.rf.4aec1274ab186e2b3a195afe5c166db5.jpg,640,640,Highlighter,280,24,377,639
20251208_121827_jpg.rf.9203df615c0392ea6c9c404772b72b9d.jpg,640,640,pen,307,0,344,637
20251208_135321_jpg.rf.1d59a94876c2b2172ee977867ce4fd3b.jpg,640,640,pen,245,62,407,636
20251208_131501_jpg.rf.7363eb24bd2090d55762334ce9526a8c.jpg,640,640,notebook,137,0,478,623
20251208_140750_jpg.rf.6b53fdac782453f2f2686367a18394cf.jpg,640,640,Whiteboard marker,304,12,358,626
20251208_120439_jpg.rf.528b2f820144dd30d2150b736d46b702.jpg,640,640,Pencil,14,307,629,410
20251208_132150_jpg.rf.e1a28eda76aefa41979406dc4a190b21.jpg,640,640,notebook,80,45,522,614
20251208_120700_jpg.rf.60d89195cec9e5991e4d9af69d4d59af.jpg,640,640,pen,288,0,414,616
20251208_141115_jpg.rf.0abcb2a0b77c6f54c5aec440ec5694c4.jpg,640,640,Compass,270,16,355,598
20251208_131344_jpg.rf.fc515cab6ed287420e4b8c0f52800788.jpg,640,640,notebook,105,16,562,620
20251208_135443_jpg.rf.94929f564eab52e3e269bd42fd183b66.jpg,640,640,Pencil,27,208,640,254
20251208_120932_jpg.rf.a7b1e85957d9c7e92159317a561b5471.jpg,640,640,Ruler,229,16,402,640
20251208_124716_jpg.rf.77d5fa1ddbbaa3df28ed93f00b624f2f.jpg,640,640,Eraser,330,190,396,417
20251208_135743_jpg.rf.99cad27b1b1760b55d9a525f178fe863.jpg,640,640,pen,297,33,324,620
20251208_121808_jpg.rf.ab39422addccbd177d5776f53dfe5de2.jpg,640,640,Highlighter,330,8,377,631
20251208_120603_jpg.rf.dcfbc7f529b9b2a21a9ad03690bd4a6f.jpg,640,640,pen,194,5,380,600
20251208_140957_jpg.rf.18c9e99565a168a7a3127c6526727498.jpg,640,640,pen,38,208,616,319
20251208_135123_jpg.rf.b133a61c6b4d174a4f46c6b2fabcaadb.jpg,640,640,Eraser,229,152,363,478
20251208_115731_jpg.rf.3b49d7094576082a4fff2a1e6ecc8f11.jpg,640,640,Pencil,17,247,620,296
20251208_115654_jpg.rf.01a8d5b73c0995bd1e02b34c3baecf1a.jpg,640,640,Pencil,309,33,379,638
20251208_140742_jpg.rf.a817f2836e4f2d23c33592944aca7277.jpg,640,640,Whiteboard marker,72,182,618,387
20251208_124356_jpg.rf.10e5edfc8a123a0bbb34a0408319733b.jpg,640,640,Pencil,318,172,345,525
20251208_121117_jpg.rf.67ddb2aa4815004d81bd6d16a2d9d091.jpg,640,640,Highlighter,81,223,499,405
20251208_132319_jpg.rf.d6e924bcc1ad9faf81d6fd37c1882f72.jpg,640,640,notebook,118,25,482,575
20251208_115344_jpg.rf.3f11213e3cf852c8d7ac25ee12e60bf8.jpg,640,640,Highlighter,317,11,370,630
20251208_124607_jpg.rf.fbf6e4de870dd0d51bceae7ba285bff4.jpg,640,640,Pencil,380,133,406,565
20251208_135123_jpg.rf.74fae92fbcef313836fc8a0128244cb9.jpg,640,640,Eraser,288,154,400,472
20251208_135435_jpg.rf.940ea0d14076092d0e469ec15062bbe6.jpg,640,640,Pencil,268,10,391,622
20251208_120330_jpg.rf.9cd2290ae794ca32dd4647d67e18c6e3.jpg,640,640,pen,5,267,615,387
20251208_134915_jpg.rf.fd4c6538aa61a7919757b6fc08d6e2c5.jpg,640,640,Correction pen,338,0,393,618
20251208_120459_jpg.rf.7ac73ebb2dd9d85bd53cea5c9796ed38.jpg,640,640,pen,15,226,622,327
20251208_115547_jpg.rf.f92d9df37a0b6598a28cfa88bc86a7f2.jpg,640,640,Pencil,27,326,633,372
20251208_105228_jpg.rf.8357b5d4025d436cbb81d19c4a7f6326.jpg,640,640,pen,0,230,634,443
20251208_135528_jpg.rf.bfb6a14095498af0923f742d444c6737.jpg,640,640,pen,330,18,351,630
20251208_110802_jpg.rf.5f5b698473578f38603eeab751e13e74.jpg,640,640,pen,15,278,640,411
20251208_141130_jpg.rf.48bea0fe8f367f7925bc12b45c285f70.jpg,640,640,Compass,326,1,415,596
20251208_132503_jpg.rf.cc6312c229e893680dfb18522d723441.jpg,640,640,notebook,174,0,447,593
20251208_135144_jpg.rf.49c9c9e91edfb49fbeee7c573006a5ed.jpg,640,640,Sharpener,202,228,347,403
20251208_135535_jpg.rf.31fc23e05c539f6767cbeac1bd898252.jpg,640,640,pen,57,287,589,371
20251208_131525_jpg.rf.1c0f6daec7da9305333139f1b283be07.jpg,640,640,notebook,194,42,448,638
20251208_135435_jpg.rf.139ffe88064039ade9da98c1a8e15b18.jpg,640,640,Pencil,322,8,337,627
20251208_134824_jpg.rf.11372d29e333068f7d808fb7a5c5bbf4.jpg,640,640,Highlighter,75,193,590,393
20251208_120603_jpg.rf.7b765b8ec9594facc0da6a46f67fc634.jpg,640,640,pen,218,4,353,608
20251208_135541_jpg.rf.b80d325699b0deb50498785a810b4f90.jpg,640,640,pen,231,32,380,633
20251208_141102_jpg.rf.269a832338737e1e6f783c43242ba86e.jpg,640,640,Ruler,28,174,619,323
20251208_115654_jpg.rf.906b244bca0f6137d57b057e40c03f55.jpg,640,640,Pencil,267,44,410,640
20251208_135456_jpg.rf.1aa55a623b22905343ee0c6f774c545e.jpg,640,640,Pencil,11,257,634,314
20251208_124021_jpg.rf.64d19ad8474b1d231aa211f13a2261cc.jpg,640,640,pen,220,7,409,634
20251208_135321_jpg.rf.ea12f1c9a4c2c8a0aa70228a632f94b0.jpg,640,640,pen,272,58,365,640
20251208_134808_jpg.rf.50dc4caf8411da2d9472044fe3ca0550.jpg,640,640,Highlighter,297,25,329,640
20251208_105228_jpg.rf.30cf44bafd7525ee040d827967e0abe8.jpg,640,640,pen,0,237,640,439